Id_number,Task_name,gradient1,gradient2,gradient3,gradient4,gradient5
subject_1,Documentary,0.0132515115196386,-0.0232684905153721,-0.3588871282804898,-0.0229718394839797,0.2364960017303632
subject_1,GoNoGo,-0.1325201290222482,0.2312690631296697,0.0618294065503523,-0.1418452309037309,-0.1244534481524268
subject_1,HardMath,-0.1120585429630772,0.3047062365647703,0.3645772644009562,0.0166297750090818,-0.2343188620094058
subject_1,Memory,-0.08482531541350409,-0.3111010261720365,-0.1999531699475979,0.2411639336259921,0.1259612008080794
subject_10,Documentary,0.0132515115196386,-0.0232684905153721,-0.3588871282804898,-0.0229718394839797,0.2364960017303632
subject_10,GoNoGo,-0.1325201290222482,0.2312690631296697,0.0618294065503523,-0.1418452309037309,-0.1244534481524268
subject_10,HardMath,-0.1120585429630772,0.3047062365647703,0.3645772644009562,0.0166297750090818,-0.2343188620094058
subject_10,Memory,-0.08482531541350409,-0.3111010261720365,-0.1999531699475979,0.2411639336259921,0.1259612008080794
subject_100,Documentary,0.0132515115196386,-0.0232684905153721,-0.3588871282804898,-0.0229718394839797,0.2364960017303632
subject_100,GoNoGo,-0.1325201290222482,0.2312690631296697,0.0618294065503523,-0.1418452309037309,-0.1244534481524268
subject_100,HardMath,-0.1120585429630772,0.3047062365647703,0.3645772644009562,0.0166297750090818,-0.2343188620094058
subject_100,Memory,-0.08482531541350409,-0.3111010261720365,-0.1999531699475979,0.2411639336259921,0.1259612008080794
subject_101,Documentary,0.0132515115196386,-0.0232684905153721,-0.3588871282804898,-0.0229718394839797,0.2364960017303632
subject_101,GoNoGo,-0.1325201290222482,0.2312690631296697,0.0618294065503523,-0.1418452309037309,-0.1244534481524268
subject_101,HardMath,-0.1120585429630772,0.3047062365647703,0.3645772644009562,0.0166297750090818,-0.2343188620094058
subject_101,Memory,-0.08482531541350409,-0.3111010261720365,-0.1999531699475979,0.2411639336259921,0.1259612008080794
subject_102,Documentary,0.0132515115196386,-0.0232684905153721,-0.3588871282804898,-0.0229718394839797,0.2364960017303632
subject_102,GoNoGo,-0.1325201290222482,0.2312690631296697,0.0618294065503523,-0.1418452309037309,-0.1244534481524268
subject_102,HardMath,-0.1120585429630772,0.3047062365647703,0.3645772644009562,0.0166297750090818,-0.2343188620094058
subject_102,Memory,-0.08482531541350409,-0.3111010261720365,-0.1999531699475979,0.2411639336259921,0.1259612008080794
subject_12,Documentary,0.0132515115196386,-0.0232684905153721,-0.3588871282804898,-0.0229718394839797,0.2364960017303632
subject_12,GoNoGo,-0.1325201290222482,0.2312690631296697,0.0618294065503523,-0.1418452309037309,-0.1244534481524268
subject_12,HardMath,-0.1120585429630772,0.3047062365647703,0.3645772644009562,0.0166297750090818,-0.2343188620094058
subject_12,Memory,-0.08482531541350409,-0.3111010261720365,-0.1999531699475979,0.2411639336259921,0.1259612008080794
subject_13,Documentary,0.0132515115196386,-0.0232684905153721,-0.3588871282804898,-0.0229718394839797,0.2364960017303632
subject_13,GoNoGo,-0.1325201290222482,0.2312690631296697,0.0618294065503523,-0.1418452309037309,-0.1244534481524268
subject_13,HardMath,-0.1120585429630772,0.3047062365647703,0.3645772644009562,0.0166297750090818,-0.2343188620094058
subject_13,Memory,-0.08482531541350409,-0.3111010261720365,-0.1999531699475979,0.2411639336259921,0.1259612008080794
subject_14,Documentary,0.0132515115196386,-0.0232684905153721,-0.3588871282804898,-0.0229718394839797,0.2364960017303632
subject_14,GoNoGo,-0.1325201290222482,0.2312690631296697,0.0618294065503523,-0.1418452309037309,-0.1244534481524268
subject_14,HardMath,-0.1120585429630772,0.3047062365647703,0.3645772644009562,0.0166297750090818,-0.2343188620094058
subject_14,Memory,-0.08482531541350409,-0.3111010261720365,-0.1999531699475979,0.2411639336259921,0.1259612008080794
subject_15,Documentary,0.0132515115196386,-0.0232684905153721,-0.3588871282804898,-0.0229718394839797,0.2364960017303632
subject_15,GoNoGo,-0.1325201290222482,0.2312690631296697,0.0618294065503523,-0.1418452309037309,-0.1244534481524268
subject_15,HardMath,-0.1120585429630772,0.3047062365647703,0.3645772644009562,0.0166297750090818,-0.2343188620094058
subject_15,Memory,-0.08482531541350409,-0.3111010261720365,-0.1999531699475979,0.2411639336259921,0.1259612008080794
subject_16,Documentary,0.0132515115196386,-0.0232684905153721,-0.3588871282804898,-0.0229718394839797,0.2364960017303632
subject_16,GoNoGo,-0.1325201290222482,0.2312690631296697,0.0618294065503523,-0.1418452309037309,-0.1244534481524268
subject_16,HardMath,-0.1120585429630772,0.3047062365647703,0.3645772644009562,0.0166297750090818,-0.2343188620094058
subject_16,Memory,-0.08482531541350409,-0.3111010261720365,-0.1999531699475979,0.2411639336259921,0.1259612008080794
subject_17,Documentary,0.0132515115196386,-0.0232684905153721,-0.3588871282804898,-0.0229718394839797,0.2364960017303632
subject_17,GoNoGo,-0.1325201290222482,0.2312690631296697,0.0618294065503523,-0.1418452309037309,-0.1244534481524268
subject_17,HardMath,-0.1120585429630772,0.3047062365647703,0.3645772644009562,0.0166297750090818,-0.2343188620094058
subject_17,Memory,-0.08482531541350409,-0.3111010261720365,-0.1999531699475979,0.2411639336259921,0.1259612008080794
subject_2,Documentary,0.0132515115196386,-0.0232684905153721,-0.3588871282804898,-0.0229718394839797,0.2364960017303632
subject_2,GoNoGo,-0.1325201290222482,0.2312690631296697,0.0618294065503523,-0.1418452309037309,-0.1244534481524268
subject_2,HardMath,-0.1120585429630772,0.3047062365647703,0.3645772644009562,0.0166297750090818,-0.2343188620094058
subject_2,Memory,-0.08482531541350409,-0.3111010261720365,-0.1999531699475979,0.2411639336259921,0.1259612008080794
subject_21,Documentary,0.0132515115196386,-0.0232684905153721,-0.3588871282804898,-0.0229718394839797,0.2364960017303632
subject_21,GoNoGo,-0.1325201290222482,0.2312690631296697,0.0618294065503523,-0.1418452309037309,-0.1244534481524268
subject_21,HardMath,-0.1120585429630772,0.3047062365647703,0.3645772644009562,0.0166297750090818,-0.2343188620094058
subject_21,Memory,-0.08482531541350409,-0.3111010261720365,-0.1999531699475979,0.2411639336259921,0.1259612008080794
subject_22,Documentary,0.0132515115196386,-0.0232684905153721,-0.3588871282804898,-0.0229718394839797,0.2364960017303632
subject_22,GoNoGo,-0.1325201290222482,0.2312690631296697,0.0618294065503523,-0.1418452309037309,-0.1244534481524268
subject_22,HardMath,-0.1120585429630772,0.3047062365647703,0.3645772644009562,0.0166297750090818,-0.2343188620094058
subject_22,Memory,-0.08482531541350409,-0.3111010261720365,-0.1999531699475979,0.2411639336259921,0.1259612008080794
subject_23,Documentary,0.0132515115196386,-0.0232684905153721,-0.3588871282804898,-0.0229718394839797,0.2364960017303632
subject_23,GoNoGo,-0.1325201290222482,0.2312690631296697,0.0618294065503523,-0.1418452309037309,-0.1244534481524268
subject_23,HardMath,-0.1120585429630772,0.3047062365647703,0.3645772644009562,0.0166297750090818,-0.2343188620094058
subject_23,Memory,-0.08482531541350409,-0.3111010261720365,-0.1999531699475979,0.2411639336259921,0.1259612008080794
subject_24,Documentary,0.0132515115196386,-0.0232684905153721,-0.3588871282804898,-0.0229718394839797,0.2364960017303632
subject_24,GoNoGo,-0.1325201290222482,0.2312690631296697,0.0618294065503523,-0.1418452309037309,-0.1244534481524268
subject_24,HardMath,-0.1120585429630772,0.3047062365647703,0.3645772644009562,0.0166297750090818,-0.2343188620094058
subject_24,Memory,-0.08482531541350409,-0.3111010261720365,-0.1999531699475979,0.2411639336259921,0.1259612008080794
subject_25,Documentary,0.0132515115196386,-0.0232684905153721,-0.3588871282804898,-0.0229718394839797,0.2364960017303632
subject_25,GoNoGo,-0.1325201290222482,0.2312690631296697,0.0618294065503523,-0.1418452309037309,-0.1244534481524268
subject_25,HardMath,-0.1120585429630772,0.3047062365647703,0.3645772644009562,0.0166297750090818,-0.2343188620094058
subject_25,Memory,-0.08482531541350409,-0.3111010261720365,-0.1999531699475979,0.2411639336259921,0.1259612008080794
subject_26,Documentary,0.0132515115196386,-0.0232684905153721,-0.3588871282804898,-0.0229718394839797,0.2364960017303632
subject_26,GoNoGo,-0.1325201290222482,0.2312690631296697,0.0618294065503523,-0.1418452309037309,-0.1244534481524268
subject_26,HardMath,-0.1120585429630772,0.3047062365647703,0.3645772644009562,0.0166297750090818,-0.2343188620094058
subject_26,Memory,-0.08482531541350409,-0.3111010261720365,-0.1999531699475979,0.2411639336259921,0.1259612008080794
subject_27,Documentary,0.0132515115196386,-0.0232684905153721,-0.3588871282804898,-0.0229718394839797,0.2364960017303632
subject_27,GoNoGo,-0.1325201290222482,0.2312690631296697,0.0618294065503523,-0.1418452309037309,-0.1244534481524268
subject_27,HardMath,-0.1120585429630772,0.3047062365647703,0.3645772644009562,0.0166297750090818,-0.2343188620094058
subject_27,Memory,-0.08482531541350409,-0.3111010261720365,-0.1999531699475979,0.2411639336259921,0.1259612008080794
subject_28,Documentary,0.0132515115196386,-0.0232684905153721,-0.3588871282804898,-0.0229718394839797,0.2364960017303632
subject_28,GoNoGo,-0.1325201290222482,0.2312690631296697,0.0618294065503523,-0.1418452309037309,-0.1244534481524268
subject_28,HardMath,-0.1120585429630772,0.3047062365647703,0.3645772644009562,0.0166297750090818,-0.2343188620094058
subject_28,Memory,-0.08482531541350409,-0.3111010261720365,-0.1999531699475979,0.2411639336259921,0.1259612008080794
subject_29,Documentary,0.0132515115196386,-0.0232684905153721,-0.3588871282804898,-0.0229718394839797,0.2364960017303632
subject_29,GoNoGo,-0.1325201290222482,0.2312690631296697,0.0618294065503523,-0.1418452309037309,-0.1244534481524268
subject_29,HardMath,-0.1120585429630772,0.3047062365647703,0.3645772644009562,0.0166297750090818,-0.2343188620094058
subject_29,Memory,-0.08482531541350409,-0.3111010261720365,-0.1999531699475979,0.2411639336259921,0.1259612008080794
subject_3,Documentary,0.0132515115196386,-0.0232684905153721,-0.3588871282804898,-0.0229718394839797,0.2364960017303632
subject_3,GoNoGo,-0.1325201290222482,0.2312690631296697,0.0618294065503523,-0.1418452309037309,-0.1244534481524268
subject_3,HardMath,-0.1120585429630772,0.3047062365647703,0.3645772644009562,0.0166297750090818,-0.2343188620094058
subject_3,Memory,-0.08482531541350409,-0.3111010261720365,-0.1999531699475979,0.2411639336259921,0.1259612008080794
subject_30,Documentary,0.0132515115196386,-0.0232684905153721,-0.3588871282804898,-0.0229718394839797,0.2364960017303632
subject_30,GoNoGo,-0.1325201290222482,0.2312690631296697,0.0618294065503523,-0.1418452309037309,-0.1244534481524268
subject_30,HardMath,-0.1120585429630772,0.3047062365647703,0.3645772644009562,0.0166297750090818,-0.2343188620094058
subject_30,Memory,-0.08482531541350409,-0.3111010261720365,-0.1999531699475979,0.2411639336259921,0.1259612008080794
subject_31,Documentary,0.0132515115196386,-0.0232684905153721,-0.3588871282804898,-0.0229718394839797,0.2364960017303632
subject_31,GoNoGo,-0.1325201290222482,0.2312690631296697,0.0618294065503523,-0.1418452309037309,-0.1244534481524268
subject_31,HardMath,-0.1120585429630772,0.3047062365647703,0.3645772644009562,0.0166297750090818,-0.2343188620094058
subject_31,Memory,-0.08482531541350409,-0.3111010261720365,-0.1999531699475979,0.2411639336259921,0.1259612008080794
subject_32,Documentary,0.0132515115196386,-0.0232684905153721,-0.3588871282804898,-0.0229718394839797,0.2364960017303632
subject_32,GoNoGo,-0.1325201290222482,0.2312690631296697,0.0618294065503523,-0.1418452309037309,-0.1244534481524268
subject_32,HardMath,-0.1120585429630772,0.3047062365647703,0.3645772644009562,0.0166297750090818,-0.2343188620094058
subject_32,Memory,-0.08482531541350409,-0.3111010261720365,-0.1999531699475979,0.2411639336259921,0.1259612008080794
subject_33,Documentary,0.0132515115196386,-0.0232684905153721,-0.3588871282804898,-0.0229718394839797,0.2364960017303632
subject_33,GoNoGo,-0.1325201290222482,0.2312690631296697,0.0618294065503523,-0.1418452309037309,-0.1244534481524268
subject_33,HardMath,-0.1120585429630772,0.3047062365647703,0.3645772644009562,0.0166297750090818,-0.2343188620094058
subject_33,Memory,-0.08482531541350409,-0.3111010261720365,-0.1999531699475979,0.2411639336259921,0.1259612008080794
subject_34,Documentary,0.0132515115196386,-0.0232684905153721,-0.3588871282804898,-0.0229718394839797,0.2364960017303632
subject_34,GoNoGo,-0.1325201290222482,0.2312690631296697,0.0618294065503523,-0.1418452309037309,-0.1244534481524268
subject_34,HardMath,-0.1120585429630772,0.3047062365647703,0.3645772644009562,0.0166297750090818,-0.2343188620094058
subject_34,Memory,-0.08482531541350409,-0.3111010261720365,-0.1999531699475979,0.2411639336259921,0.1259612008080794
subject_35,Documentary,0.0132515115196386,-0.0232684905153721,-0.3588871282804898,-0.0229718394839797,0.2364960017303632
subject_35,GoNoGo,-0.1325201290222482,0.2312690631296697,0.0618294065503523,-0.1418452309037309,-0.1244534481524268
subject_35,HardMath,-0.1120585429630772,0.3047062365647703,0.3645772644009562,0.0166297750090818,-0.2343188620094058
subject_35,Memory,-0.08482531541350409,-0.3111010261720365,-0.1999531699475979,0.2411639336259921,0.1259612008080794
subject_36,Documentary,0.0132515115196386,-0.0232684905153721,-0.3588871282804898,-0.0229718394839797,0.2364960017303632
subject_36,GoNoGo,-0.1325201290222482,0.2312690631296697,0.0618294065503523,-0.1418452309037309,-0.1244534481524268
subject_36,HardMath,-0.1120585429630772,0.3047062365647703,0.3645772644009562,0.0166297750090818,-0.2343188620094058
subject_36,Memory,-0.08482531541350409,-0.3111010261720365,-0.1999531699475979,0.2411639336259921,0.1259612008080794
subject_37,Documentary,0.0132515115196386,-0.0232684905153721,-0.3588871282804898,-0.0229718394839797,0.2364960017303632
subject_37,GoNoGo,-0.1325201290222482,0.2312690631296697,0.0618294065503523,-0.1418452309037309,-0.1244534481524268
subject_37,HardMath,-0.1120585429630772,0.3047062365647703,0.3645772644009562,0.0166297750090818,-0.2343188620094058
subject_37,Memory,-0.08482531541350409,-0.3111010261720365,-0.1999531699475979,0.2411639336259921,0.1259612008080794
subject_38,Documentary,0.0132515115196386,-0.0232684905153721,-0.3588871282804898,-0.0229718394839797,0.2364960017303632
subject_38,GoNoGo,-0.1325201290222482,0.2312690631296697,0.0618294065503523,-0.1418452309037309,-0.1244534481524268
subject_38,HardMath,-0.1120585429630772,0.3047062365647703,0.3645772644009562,0.0166297750090818,-0.2343188620094058
subject_38,Memory,-0.08482531541350409,-0.3111010261720365,-0.1999531699475979,0.2411639336259921,0.1259612008080794
subject_39,Documentary,0.0132515115196386,-0.0232684905153721,-0.3588871282804898,-0.0229718394839797,0.2364960017303632
subject_39,GoNoGo,-0.1325201290222482,0.2312690631296697,0.0618294065503523,-0.1418452309037309,-0.1244534481524268
subject_39,HardMath,-0.1120585429630772,0.3047062365647703,0.3645772644009562,0.0166297750090818,-0.2343188620094058
subject_39,Memory,-0.08482531541350409,-0.3111010261720365,-0.1999531699475979,0.2411639336259921,0.1259612008080794
subject_4,Documentary,0.0132515115196386,-0.0232684905153721,-0.3588871282804898,-0.0229718394839797,0.2364960017303632
subject_4,GoNoGo,-0.1325201290222482,0.2312690631296697,0.0618294065503523,-0.1418452309037309,-0.1244534481524268
subject_4,HardMath,-0.1120585429630772,0.3047062365647703,0.3645772644009562,0.0166297750090818,-0.2343188620094058
subject_4,Memory,-0.08482531541350409,-0.3111010261720365,-0.1999531699475979,0.2411639336259921,0.1259612008080794
subject_40,Documentary,0.0132515115196386,-0.0232684905153721,-0.3588871282804898,-0.0229718394839797,0.2364960017303632
subject_40,GoNoGo,-0.1325201290222482,0.2312690631296697,0.0618294065503523,-0.1418452309037309,-0.1244534481524268
subject_40,HardMath,-0.1120585429630772,0.3047062365647703,0.3645772644009562,0.0166297750090818,-0.2343188620094058
subject_40,Memory,-0.08482531541350409,-0.3111010261720365,-0.1999531699475979,0.2411639336259921,0.1259612008080794
subject_41,Documentary,0.0132515115196386,-0.0232684905153721,-0.3588871282804898,-0.0229718394839797,0.2364960017303632
subject_41,GoNoGo,-0.1325201290222482,0.2312690631296697,0.0618294065503523,-0.1418452309037309,-0.1244534481524268
subject_41,HardMath,-0.1120585429630772,0.3047062365647703,0.3645772644009562,0.0166297750090818,-0.2343188620094058
subject_41,Memory,-0.08482531541350409,-0.3111010261720365,-0.1999531699475979,0.2411639336259921,0.1259612008080794
subject_42,Documentary,0.0132515115196386,-0.0232684905153721,-0.3588871282804898,-0.0229718394839797,0.2364960017303632
subject_42,GoNoGo,-0.1325201290222482,0.2312690631296697,0.0618294065503523,-0.1418452309037309,-0.1244534481524268
subject_42,HardMath,-0.1120585429630772,0.3047062365647703,0.3645772644009562,0.0166297750090818,-0.2343188620094058
subject_42,Memory,-0.08482531541350409,-0.3111010261720365,-0.1999531699475979,0.2411639336259921,0.1259612008080794
subject_43,Documentary,0.0132515115196386,-0.0232684905153721,-0.3588871282804898,-0.0229718394839797,0.2364960017303632
subject_43,GoNoGo,-0.1325201290222482,0.2312690631296697,0.0618294065503523,-0.1418452309037309,-0.1244534481524268
subject_43,HardMath,-0.1120585429630772,0.3047062365647703,0.3645772644009562,0.0166297750090818,-0.2343188620094058
subject_43,Memory,-0.08482531541350409,-0.3111010261720365,-0.1999531699475979,0.2411639336259921,0.1259612008080794
subject_44,Documentary,0.0132515115196386,-0.0232684905153721,-0.3588871282804898,-0.0229718394839797,0.2364960017303632
subject_44,GoNoGo,-0.1325201290222482,0.2312690631296697,0.0618294065503523,-0.1418452309037309,-0.1244534481524268
subject_44,HardMath,-0.1120585429630772,0.3047062365647703,0.3645772644009562,0.0166297750090818,-0.2343188620094058
subject_44,Memory,-0.08482531541350409,-0.3111010261720365,-0.1999531699475979,0.2411639336259921,0.1259612008080794
subject_45,Documentary,0.0132515115196386,-0.0232684905153721,-0.3588871282804898,-0.0229718394839797,0.2364960017303632
subject_45,GoNoGo,-0.1325201290222482,0.2312690631296697,0.0618294065503523,-0.1418452309037309,-0.1244534481524268
subject_45,HardMath,-0.1120585429630772,0.3047062365647703,0.3645772644009562,0.0166297750090818,-0.2343188620094058
subject_45,Memory,-0.08482531541350409,-0.3111010261720365,-0.1999531699475979,0.2411639336259921,0.1259612008080794
subject_46,Documentary,0.0132515115196386,-0.0232684905153721,-0.3588871282804898,-0.0229718394839797,0.2364960017303632
subject_46,GoNoGo,-0.1325201290222482,0.2312690631296697,0.0618294065503523,-0.1418452309037309,-0.1244534481524268
subject_46,HardMath,-0.1120585429630772,0.3047062365647703,0.3645772644009562,0.0166297750090818,-0.2343188620094058
subject_46,Memory,-0.08482531541350409,-0.3111010261720365,-0.1999531699475979,0.2411639336259921,0.1259612008080794
subject_47,Documentary,0.0132515115196386,-0.0232684905153721,-0.3588871282804898,-0.0229718394839797,0.2364960017303632
subject_47,GoNoGo,-0.1325201290222482,0.2312690631296697,0.0618294065503523,-0.1418452309037309,-0.1244534481524268
subject_47,HardMath,-0.1120585429630772,0.3047062365647703,0.3645772644009562,0.0166297750090818,-0.2343188620094058
subject_47,Memory,-0.08482531541350409,-0.3111010261720365,-0.1999531699475979,0.2411639336259921,0.1259612008080794
subject_48,Documentary,0.0132515115196386,-0.0232684905153721,-0.3588871282804898,-0.0229718394839797,0.2364960017303632
subject_48,GoNoGo,-0.1325201290222482,0.2312690631296697,0.0618294065503523,-0.1418452309037309,-0.1244534481524268
subject_48,HardMath,-0.1120585429630772,0.3047062365647703,0.3645772644009562,0.0166297750090818,-0.2343188620094058
subject_48,Memory,-0.08482531541350409,-0.3111010261720365,-0.1999531699475979,0.2411639336259921,0.1259612008080794
subject_49,Documentary,0.0132515115196386,-0.0232684905153721,-0.3588871282804898,-0.0229718394839797,0.2364960017303632
subject_49,GoNoGo,-0.1325201290222482,0.2312690631296697,0.0618294065503523,-0.1418452309037309,-0.1244534481524268
subject_49,HardMath,-0.1120585429630772,0.3047062365647703,0.3645772644009562,0.0166297750090818,-0.2343188620094058
subject_49,Memory,-0.08482531541350409,-0.3111010261720365,-0.1999531699475979,0.2411639336259921,0.1259612008080794
subject_5,Documentary,0.0132515115196386,-0.0232684905153721,-0.3588871282804898,-0.0229718394839797,0.2364960017303632
subject_5,GoNoGo,-0.1325201290222482,0.2312690631296697,0.0618294065503523,-0.1418452309037309,-0.1244534481524268
subject_5,HardMath,-0.1120585429630772,0.3047062365647703,0.3645772644009562,0.0166297750090818,-0.2343188620094058
subject_5,Memory,-0.08482531541350409,-0.3111010261720365,-0.1999531699475979,0.2411639336259921,0.1259612008080794
subject_50,Documentary,0.0132515115196386,-0.0232684905153721,-0.3588871282804898,-0.0229718394839797,0.2364960017303632
subject_50,GoNoGo,-0.1325201290222482,0.2312690631296697,0.0618294065503523,-0.1418452309037309,-0.1244534481524268
subject_50,HardMath,-0.1120585429630772,0.3047062365647703,0.3645772644009562,0.0166297750090818,-0.2343188620094058
subject_50,Memory,-0.08482531541350409,-0.3111010261720365,-0.1999531699475979,0.2411639336259921,0.1259612008080794
subject_51,Documentary,0.0132515115196386,-0.0232684905153721,-0.3588871282804898,-0.0229718394839797,0.2364960017303632
subject_51,GoNoGo,-0.1325201290222482,0.2312690631296697,0.0618294065503523,-0.1418452309037309,-0.1244534481524268
subject_51,HardMath,-0.1120585429630772,0.3047062365647703,0.3645772644009562,0.0166297750090818,-0.2343188620094058
subject_51,Memory,-0.08482531541350409,-0.3111010261720365,-0.1999531699475979,0.2411639336259921,0.1259612008080794
subject_52,Documentary,0.0132515115196386,-0.0232684905153721,-0.3588871282804898,-0.0229718394839797,0.2364960017303632
subject_52,GoNoGo,-0.1325201290222482,0.2312690631296697,0.0618294065503523,-0.1418452309037309,-0.1244534481524268
subject_52,HardMath,-0.1120585429630772,0.3047062365647703,0.3645772644009562,0.0166297750090818,-0.2343188620094058
subject_52,Memory,-0.08482531541350409,-0.3111010261720365,-0.1999531699475979,0.2411639336259921,0.1259612008080794
subject_53,Documentary,0.0132515115196386,-0.0232684905153721,-0.3588871282804898,-0.0229718394839797,0.2364960017303632
subject_53,GoNoGo,-0.1325201290222482,0.2312690631296697,0.0618294065503523,-0.1418452309037309,-0.1244534481524268
subject_53,HardMath,-0.1120585429630772,0.3047062365647703,0.3645772644009562,0.0166297750090818,-0.2343188620094058
subject_53,Memory,-0.08482531541350409,-0.3111010261720365,-0.1999531699475979,0.2411639336259921,0.1259612008080794
subject_54,Documentary,0.0132515115196386,-0.0232684905153721,-0.3588871282804898,-0.0229718394839797,0.2364960017303632
subject_54,GoNoGo,-0.1325201290222482,0.2312690631296697,0.0618294065503523,-0.1418452309037309,-0.1244534481524268
subject_54,HardMath,-0.1120585429630772,0.3047062365647703,0.3645772644009562,0.0166297750090818,-0.2343188620094058
subject_54,Memory,-0.08482531541350409,-0.3111010261720365,-0.1999531699475979,0.2411639336259921,0.1259612008080794
subject_55,Documentary,0.0132515115196386,-0.0232684905153721,-0.3588871282804898,-0.0229718394839797,0.2364960017303632
subject_55,GoNoGo,-0.1325201290222482,0.2312690631296697,0.0618294065503523,-0.1418452309037309,-0.1244534481524268
subject_55,HardMath,-0.1120585429630772,0.3047062365647703,0.3645772644009562,0.0166297750090818,-0.2343188620094058
subject_55,Memory,-0.08482531541350409,-0.3111010261720365,-0.1999531699475979,0.2411639336259921,0.1259612008080794
subject_56,Documentary,0.0132515115196386,-0.0232684905153721,-0.3588871282804898,-0.0229718394839797,0.2364960017303632
subject_56,GoNoGo,-0.1325201290222482,0.2312690631296697,0.0618294065503523,-0.1418452309037309,-0.1244534481524268
subject_56,HardMath,-0.1120585429630772,0.3047062365647703,0.3645772644009562,0.0166297750090818,-0.2343188620094058
subject_56,Memory,-0.08482531541350409,-0.3111010261720365,-0.1999531699475979,0.2411639336259921,0.1259612008080794
subject_57,Documentary,0.0132515115196386,-0.0232684905153721,-0.3588871282804898,-0.0229718394839797,0.2364960017303632
subject_57,GoNoGo,-0.1325201290222482,0.2312690631296697,0.0618294065503523,-0.1418452309037309,-0.1244534481524268
subject_57,HardMath,-0.1120585429630772,0.3047062365647703,0.3645772644009562,0.0166297750090818,-0.2343188620094058
subject_57,Memory,-0.08482531541350409,-0.3111010261720365,-0.1999531699475979,0.2411639336259921,0.1259612008080794
subject_58,Documentary,0.0132515115196386,-0.0232684905153721,-0.3588871282804898,-0.0229718394839797,0.2364960017303632
subject_58,GoNoGo,-0.1325201290222482,0.2312690631296697,0.0618294065503523,-0.1418452309037309,-0.1244534481524268
subject_58,HardMath,-0.1120585429630772,0.3047062365647703,0.3645772644009562,0.0166297750090818,-0.2343188620094058
subject_58,Memory,-0.08482531541350409,-0.3111010261720365,-0.1999531699475979,0.2411639336259921,0.1259612008080794
subject_59,Documentary,0.0132515115196386,-0.0232684905153721,-0.3588871282804898,-0.0229718394839797,0.2364960017303632
subject_59,GoNoGo,-0.1325201290222482,0.2312690631296697,0.0618294065503523,-0.1418452309037309,-0.1244534481524268
subject_59,HardMath,-0.1120585429630772,0.3047062365647703,0.3645772644009562,0.0166297750090818,-0.2343188620094058
subject_59,Memory,-0.08482531541350409,-0.3111010261720365,-0.1999531699475979,0.2411639336259921,0.1259612008080794
subject_6,Documentary,0.0132515115196386,-0.0232684905153721,-0.3588871282804898,-0.0229718394839797,0.2364960017303632
subject_6,GoNoGo,-0.1325201290222482,0.2312690631296697,0.0618294065503523,-0.1418452309037309,-0.1244534481524268
subject_6,HardMath,-0.1120585429630772,0.3047062365647703,0.3645772644009562,0.0166297750090818,-0.2343188620094058
subject_6,Memory,-0.08482531541350409,-0.3111010261720365,-0.1999531699475979,0.2411639336259921,0.1259612008080794
subject_60,Documentary,0.0132515115196386,-0.0232684905153721,-0.3588871282804898,-0.0229718394839797,0.2364960017303632
subject_60,GoNoGo,-0.1325201290222482,0.2312690631296697,0.0618294065503523,-0.1418452309037309,-0.1244534481524268
subject_60,HardMath,-0.1120585429630772,0.3047062365647703,0.3645772644009562,0.0166297750090818,-0.2343188620094058
subject_60,Memory,-0.08482531541350409,-0.3111010261720365,-0.1999531699475979,0.2411639336259921,0.1259612008080794
subject_61,Documentary,0.0132515115196386,-0.0232684905153721,-0.3588871282804898,-0.0229718394839797,0.2364960017303632
subject_61,GoNoGo,-0.1325201290222482,0.2312690631296697,0.0618294065503523,-0.1418452309037309,-0.1244534481524268
subject_61,HardMath,-0.1120585429630772,0.3047062365647703,0.3645772644009562,0.0166297750090818,-0.2343188620094058
subject_61,Memory,-0.08482531541350409,-0.3111010261720365,-0.1999531699475979,0.2411639336259921,0.1259612008080794
subject_62,Documentary,0.0132515115196386,-0.0232684905153721,-0.3588871282804898,-0.0229718394839797,0.2364960017303632
subject_62,GoNoGo,-0.1325201290222482,0.2312690631296697,0.0618294065503523,-0.1418452309037309,-0.1244534481524268
subject_62,HardMath,-0.1120585429630772,0.3047062365647703,0.3645772644009562,0.0166297750090818,-0.2343188620094058
subject_62,Memory,-0.08482531541350409,-0.3111010261720365,-0.1999531699475979,0.2411639336259921,0.1259612008080794
subject_63,Documentary,0.0132515115196386,-0.0232684905153721,-0.3588871282804898,-0.0229718394839797,0.2364960017303632
subject_63,GoNoGo,-0.1325201290222482,0.2312690631296697,0.0618294065503523,-0.1418452309037309,-0.1244534481524268
subject_63,HardMath,-0.1120585429630772,0.3047062365647703,0.3645772644009562,0.0166297750090818,-0.2343188620094058
subject_63,Memory,-0.08482531541350409,-0.3111010261720365,-0.1999531699475979,0.2411639336259921,0.1259612008080794
subject_64,Documentary,0.0132515115196386,-0.0232684905153721,-0.3588871282804898,-0.0229718394839797,0.2364960017303632
subject_64,GoNoGo,-0.1325201290222482,0.2312690631296697,0.0618294065503523,-0.1418452309037309,-0.1244534481524268
subject_64,HardMath,-0.1120585429630772,0.3047062365647703,0.3645772644009562,0.0166297750090818,-0.2343188620094058
subject_64,Memory,-0.08482531541350409,-0.3111010261720365,-0.1999531699475979,0.2411639336259921,0.1259612008080794
subject_65,Documentary,0.0132515115196386,-0.0232684905153721,-0.3588871282804898,-0.0229718394839797,0.2364960017303632
subject_65,GoNoGo,-0.1325201290222482,0.2312690631296697,0.0618294065503523,-0.1418452309037309,-0.1244534481524268
subject_65,HardMath,-0.1120585429630772,0.3047062365647703,0.3645772644009562,0.0166297750090818,-0.2343188620094058
subject_65,Memory,-0.08482531541350409,-0.3111010261720365,-0.1999531699475979,0.2411639336259921,0.1259612008080794
subject_67,Documentary,0.0132515115196386,-0.0232684905153721,-0.3588871282804898,-0.0229718394839797,0.2364960017303632
subject_67,GoNoGo,-0.1325201290222482,0.2312690631296697,0.0618294065503523,-0.1418452309037309,-0.1244534481524268
subject_67,HardMath,-0.1120585429630772,0.3047062365647703,0.3645772644009562,0.0166297750090818,-0.2343188620094058
subject_67,Memory,-0.08482531541350409,-0.3111010261720365,-0.1999531699475979,0.2411639336259921,0.1259612008080794
subject_68,Documentary,0.0132515115196386,-0.0232684905153721,-0.3588871282804898,-0.0229718394839797,0.2364960017303632
subject_68,GoNoGo,-0.1325201290222482,0.2312690631296697,0.0618294065503523,-0.1418452309037309,-0.1244534481524268
subject_68,HardMath,-0.1120585429630772,0.3047062365647703,0.3645772644009562,0.0166297750090818,-0.2343188620094058
subject_68,Memory,-0.08482531541350409,-0.3111010261720365,-0.1999531699475979,0.2411639336259921,0.1259612008080794
subject_69,Documentary,0.0132515115196386,-0.0232684905153721,-0.3588871282804898,-0.0229718394839797,0.2364960017303632
subject_69,GoNoGo,-0.1325201290222482,0.2312690631296697,0.0618294065503523,-0.1418452309037309,-0.1244534481524268
subject_69,HardMath,-0.1120585429630772,0.3047062365647703,0.3645772644009562,0.0166297750090818,-0.2343188620094058
subject_69,Memory,-0.08482531541350409,-0.3111010261720365,-0.1999531699475979,0.2411639336259921,0.1259612008080794
subject_7,Documentary,0.0132515115196386,-0.0232684905153721,-0.3588871282804898,-0.0229718394839797,0.2364960017303632
subject_7,GoNoGo,-0.1325201290222482,0.2312690631296697,0.0618294065503523,-0.1418452309037309,-0.1244534481524268
subject_7,HardMath,-0.1120585429630772,0.3047062365647703,0.3645772644009562,0.0166297750090818,-0.2343188620094058
subject_7,Memory,-0.08482531541350409,-0.3111010261720365,-0.1999531699475979,0.2411639336259921,0.1259612008080794
subject_70,Documentary,0.0132515115196386,-0.0232684905153721,-0.3588871282804898,-0.0229718394839797,0.2364960017303632
subject_70,GoNoGo,-0.1325201290222482,0.2312690631296697,0.0618294065503523,-0.1418452309037309,-0.1244534481524268
subject_70,HardMath,-0.1120585429630772,0.3047062365647703,0.3645772644009562,0.0166297750090818,-0.2343188620094058
subject_70,Memory,-0.08482531541350409,-0.3111010261720365,-0.1999531699475979,0.2411639336259921,0.1259612008080794
subject_71,Documentary,0.0132515115196386,-0.0232684905153721,-0.3588871282804898,-0.0229718394839797,0.2364960017303632
subject_71,GoNoGo,-0.1325201290222482,0.2312690631296697,0.0618294065503523,-0.1418452309037309,-0.1244534481524268
subject_71,HardMath,-0.1120585429630772,0.3047062365647703,0.3645772644009562,0.0166297750090818,-0.2343188620094058
subject_71,Memory,-0.08482531541350409,-0.3111010261720365,-0.1999531699475979,0.2411639336259921,0.1259612008080794
subject_72,Documentary,0.0132515115196386,-0.0232684905153721,-0.3588871282804898,-0.0229718394839797,0.2364960017303632
subject_72,GoNoGo,-0.1325201290222482,0.2312690631296697,0.0618294065503523,-0.1418452309037309,-0.1244534481524268
subject_72,HardMath,-0.1120585429630772,0.3047062365647703,0.3645772644009562,0.0166297750090818,-0.2343188620094058
subject_72,Memory,-0.08482531541350409,-0.3111010261720365,-0.1999531699475979,0.2411639336259921,0.1259612008080794
subject_74,Documentary,0.0132515115196386,-0.0232684905153721,-0.3588871282804898,-0.0229718394839797,0.2364960017303632
subject_74,GoNoGo,-0.1325201290222482,0.2312690631296697,0.0618294065503523,-0.1418452309037309,-0.1244534481524268
subject_74,HardMath,-0.1120585429630772,0.3047062365647703,0.3645772644009562,0.0166297750090818,-0.2343188620094058
subject_74,Memory,-0.08482531541350409,-0.3111010261720365,-0.1999531699475979,0.2411639336259921,0.1259612008080794
subject_75,Documentary,0.0132515115196386,-0.0232684905153721,-0.3588871282804898,-0.0229718394839797,0.2364960017303632
subject_75,GoNoGo,-0.1325201290222482,0.2312690631296697,0.0618294065503523,-0.1418452309037309,-0.1244534481524268
subject_75,HardMath,-0.1120585429630772,0.3047062365647703,0.3645772644009562,0.0166297750090818,-0.2343188620094058
subject_75,Memory,-0.08482531541350409,-0.3111010261720365,-0.1999531699475979,0.2411639336259921,0.1259612008080794
subject_76,Documentary,0.0132515115196386,-0.0232684905153721,-0.3588871282804898,-0.0229718394839797,0.2364960017303632
subject_76,GoNoGo,-0.1325201290222482,0.2312690631296697,0.0618294065503523,-0.1418452309037309,-0.1244534481524268
subject_76,HardMath,-0.1120585429630772,0.3047062365647703,0.3645772644009562,0.0166297750090818,-0.2343188620094058
subject_76,Memory,-0.08482531541350409,-0.3111010261720365,-0.1999531699475979,0.2411639336259921,0.1259612008080794
subject_77,Documentary,0.0132515115196386,-0.0232684905153721,-0.3588871282804898,-0.0229718394839797,0.2364960017303632
subject_77,GoNoGo,-0.1325201290222482,0.2312690631296697,0.0618294065503523,-0.1418452309037309,-0.1244534481524268
subject_77,HardMath,-0.1120585429630772,0.3047062365647703,0.3645772644009562,0.0166297750090818,-0.2343188620094058
subject_77,Memory,-0.08482531541350409,-0.3111010261720365,-0.1999531699475979,0.2411639336259921,0.1259612008080794
subject_78,Documentary,0.0132515115196386,-0.0232684905153721,-0.3588871282804898,-0.0229718394839797,0.2364960017303632
subject_78,GoNoGo,-0.1325201290222482,0.2312690631296697,0.0618294065503523,-0.1418452309037309,-0.1244534481524268
subject_78,HardMath,-0.1120585429630772,0.3047062365647703,0.3645772644009562,0.0166297750090818,-0.2343188620094058
subject_78,Memory,-0.08482531541350409,-0.3111010261720365,-0.1999531699475979,0.2411639336259921,0.1259612008080794
subject_79,Documentary,0.0132515115196386,-0.0232684905153721,-0.3588871282804898,-0.0229718394839797,0.2364960017303632
subject_79,GoNoGo,-0.1325201290222482,0.2312690631296697,0.0618294065503523,-0.1418452309037309,-0.1244534481524268
subject_79,HardMath,-0.1120585429630772,0.3047062365647703,0.3645772644009562,0.0166297750090818,-0.2343188620094058
subject_79,Memory,-0.08482531541350409,-0.3111010261720365,-0.1999531699475979,0.2411639336259921,0.1259612008080794
subject_8,Documentary,0.0132515115196386,-0.0232684905153721,-0.3588871282804898,-0.0229718394839797,0.2364960017303632
subject_8,GoNoGo,-0.1325201290222482,0.2312690631296697,0.0618294065503523,-0.1418452309037309,-0.1244534481524268
subject_8,HardMath,-0.1120585429630772,0.3047062365647703,0.3645772644009562,0.0166297750090818,-0.2343188620094058
subject_8,Memory,-0.08482531541350409,-0.3111010261720365,-0.1999531699475979,0.2411639336259921,0.1259612008080794
subject_80,Documentary,0.0132515115196386,-0.0232684905153721,-0.3588871282804898,-0.0229718394839797,0.2364960017303632
subject_80,GoNoGo,-0.1325201290222482,0.2312690631296697,0.0618294065503523,-0.1418452309037309,-0.1244534481524268
subject_80,HardMath,-0.1120585429630772,0.3047062365647703,0.3645772644009562,0.0166297750090818,-0.2343188620094058
subject_80,Memory,-0.08482531541350409,-0.3111010261720365,-0.1999531699475979,0.2411639336259921,0.1259612008080794
subject_81,Documentary,0.0132515115196386,-0.0232684905153721,-0.3588871282804898,-0.0229718394839797,0.2364960017303632
subject_81,GoNoGo,-0.1325201290222482,0.2312690631296697,0.0618294065503523,-0.1418452309037309,-0.1244534481524268
subject_81,HardMath,-0.1120585429630772,0.3047062365647703,0.3645772644009562,0.0166297750090818,-0.2343188620094058
subject_81,Memory,-0.08482531541350409,-0.3111010261720365,-0.1999531699475979,0.2411639336259921,0.1259612008080794
subject_82,Documentary,0.0132515115196386,-0.0232684905153721,-0.3588871282804898,-0.0229718394839797,0.2364960017303632
subject_82,GoNoGo,-0.1325201290222482,0.2312690631296697,0.0618294065503523,-0.1418452309037309,-0.1244534481524268
subject_82,HardMath,-0.1120585429630772,0.3047062365647703,0.3645772644009562,0.0166297750090818,-0.2343188620094058
subject_82,Memory,-0.08482531541350409,-0.3111010261720365,-0.1999531699475979,0.2411639336259921,0.1259612008080794
subject_83,Documentary,0.0132515115196386,-0.0232684905153721,-0.3588871282804898,-0.0229718394839797,0.2364960017303632
subject_83,GoNoGo,-0.1325201290222482,0.2312690631296697,0.0618294065503523,-0.1418452309037309,-0.1244534481524268
subject_83,HardMath,-0.1120585429630772,0.3047062365647703,0.3645772644009562,0.0166297750090818,-0.2343188620094058
subject_83,Memory,-0.08482531541350409,-0.3111010261720365,-0.1999531699475979,0.2411639336259921,0.1259612008080794
subject_84,Documentary,0.0132515115196386,-0.0232684905153721,-0.3588871282804898,-0.0229718394839797,0.2364960017303632
subject_84,GoNoGo,-0.1325201290222482,0.2312690631296697,0.0618294065503523,-0.1418452309037309,-0.1244534481524268
subject_84,HardMath,-0.1120585429630772,0.3047062365647703,0.3645772644009562,0.0166297750090818,-0.2343188620094058
subject_84,Memory,-0.08482531541350409,-0.3111010261720365,-0.1999531699475979,0.2411639336259921,0.1259612008080794
subject_85,Documentary,0.0132515115196386,-0.0232684905153721,-0.3588871282804898,-0.0229718394839797,0.2364960017303632
subject_85,GoNoGo,-0.1325201290222482,0.2312690631296697,0.0618294065503523,-0.1418452309037309,-0.1244534481524268
subject_85,HardMath,-0.1120585429630772,0.3047062365647703,0.3645772644009562,0.0166297750090818,-0.2343188620094058
subject_85,Memory,-0.08482531541350409,-0.3111010261720365,-0.1999531699475979,0.2411639336259921,0.1259612008080794
subject_87,Documentary,0.0132515115196386,-0.0232684905153721,-0.3588871282804898,-0.0229718394839797,0.2364960017303632
subject_87,GoNoGo,-0.1325201290222482,0.2312690631296697,0.0618294065503523,-0.1418452309037309,-0.1244534481524268
subject_87,HardMath,-0.1120585429630772,0.3047062365647703,0.3645772644009562,0.0166297750090818,-0.2343188620094058
subject_87,Memory,-0.08482531541350409,-0.3111010261720365,-0.1999531699475979,0.2411639336259921,0.1259612008080794
subject_88,Documentary,0.0132515115196386,-0.0232684905153721,-0.3588871282804898,-0.0229718394839797,0.2364960017303632
subject_88,GoNoGo,-0.1325201290222482,0.2312690631296697,0.0618294065503523,-0.1418452309037309,-0.1244534481524268
subject_88,HardMath,-0.1120585429630772,0.3047062365647703,0.3645772644009562,0.0166297750090818,-0.2343188620094058
subject_88,Memory,-0.08482531541350409,-0.3111010261720365,-0.1999531699475979,0.2411639336259921,0.1259612008080794
subject_89,Documentary,0.0132515115196386,-0.0232684905153721,-0.3588871282804898,-0.0229718394839797,0.2364960017303632
subject_89,GoNoGo,-0.1325201290222482,0.2312690631296697,0.0618294065503523,-0.1418452309037309,-0.1244534481524268
subject_89,HardMath,-0.1120585429630772,0.3047062365647703,0.3645772644009562,0.0166297750090818,-0.2343188620094058
subject_89,Memory,-0.08482531541350409,-0.3111010261720365,-0.1999531699475979,0.2411639336259921,0.1259612008080794
subject_9,Documentary,0.0132515115196386,-0.0232684905153721,-0.3588871282804898,-0.0229718394839797,0.2364960017303632
subject_9,GoNoGo,-0.1325201290222482,0.2312690631296697,0.0618294065503523,-0.1418452309037309,-0.1244534481524268
subject_9,HardMath,-0.1120585429630772,0.3047062365647703,0.3645772644009562,0.0166297750090818,-0.2343188620094058
subject_9,Memory,-0.08482531541350409,-0.3111010261720365,-0.1999531699475979,0.2411639336259921,0.1259612008080794
subject_90,Documentary,0.0132515115196386,-0.0232684905153721,-0.3588871282804898,-0.0229718394839797,0.2364960017303632
subject_90,GoNoGo,-0.1325201290222482,0.2312690631296697,0.0618294065503523,-0.1418452309037309,-0.1244534481524268
subject_90,HardMath,-0.1120585429630772,0.3047062365647703,0.3645772644009562,0.0166297750090818,-0.2343188620094058
subject_90,Memory,-0.08482531541350409,-0.3111010261720365,-0.1999531699475979,0.2411639336259921,0.1259612008080794
subject_91,Documentary,0.0132515115196386,-0.0232684905153721,-0.3588871282804898,-0.0229718394839797,0.2364960017303632
subject_91,GoNoGo,-0.1325201290222482,0.2312690631296697,0.0618294065503523,-0.1418452309037309,-0.1244534481524268
subject_91,HardMath,-0.1120585429630772,0.3047062365647703,0.3645772644009562,0.0166297750090818,-0.2343188620094058
subject_91,Memory,-0.08482531541350409,-0.3111010261720365,-0.1999531699475979,0.2411639336259921,0.1259612008080794
subject_92,Documentary,0.0132515115196386,-0.0232684905153721,-0.3588871282804898,-0.0229718394839797,0.2364960017303632
subject_92,GoNoGo,-0.1325201290222482,0.2312690631296697,0.0618294065503523,-0.1418452309037309,-0.1244534481524268
subject_92,HardMath,-0.1120585429630772,0.3047062365647703,0.3645772644009562,0.0166297750090818,-0.2343188620094058
subject_92,Memory,-0.08482531541350409,-0.3111010261720365,-0.1999531699475979,0.2411639336259921,0.1259612008080794
subject_93,Documentary,0.0132515115196386,-0.0232684905153721,-0.3588871282804898,-0.0229718394839797,0.2364960017303632
subject_93,GoNoGo,-0.1325201290222482,0.2312690631296697,0.0618294065503523,-0.1418452309037309,-0.1244534481524268
subject_93,HardMath,-0.1120585429630772,0.3047062365647703,0.3645772644009562,0.0166297750090818,-0.2343188620094058
subject_93,Memory,-0.08482531541350409,-0.3111010261720365,-0.1999531699475979,0.2411639336259921,0.1259612008080794
subject_94,Documentary,0.0132515115196386,-0.0232684905153721,-0.3588871282804898,-0.0229718394839797,0.2364960017303632
subject_94,GoNoGo,-0.1325201290222482,0.2312690631296697,0.0618294065503523,-0.1418452309037309,-0.1244534481524268
subject_94,HardMath,-0.1120585429630772,0.3047062365647703,0.3645772644009562,0.0166297750090818,-0.2343188620094058
subject_94,Memory,-0.08482531541350409,-0.3111010261720365,-0.1999531699475979,0.2411639336259921,0.1259612008080794
subject_95,Documentary,0.0132515115196386,-0.0232684905153721,-0.3588871282804898,-0.0229718394839797,0.2364960017303632
subject_95,GoNoGo,-0.1325201290222482,0.2312690631296697,0.0618294065503523,-0.1418452309037309,-0.1244534481524268
subject_95,HardMath,-0.1120585429630772,0.3047062365647703,0.3645772644009562,0.0166297750090818,-0.2343188620094058
subject_95,Memory,-0.08482531541350409,-0.3111010261720365,-0.1999531699475979,0.2411639336259921,0.1259612008080794
subject_96,Documentary,0.0132515115196386,-0.0232684905153721,-0.3588871282804898,-0.0229718394839797,0.2364960017303632
subject_96,GoNoGo,-0.1325201290222482,0.2312690631296697,0.0618294065503523,-0.1418452309037309,-0.1244534481524268
subject_96,HardMath,-0.1120585429630772,0.3047062365647703,0.3645772644009562,0.0166297750090818,-0.2343188620094058
subject_96,Memory,-0.08482531541350409,-0.3111010261720365,-0.1999531699475979,0.2411639336259921,0.1259612008080794
subject_97,Documentary,0.0132515115196386,-0.0232684905153721,-0.3588871282804898,-0.0229718394839797,0.2364960017303632
subject_97,GoNoGo,-0.1325201290222482,0.2312690631296697,0.0618294065503523,-0.1418452309037309,-0.1244534481524268
subject_97,HardMath,-0.1120585429630772,0.3047062365647703,0.3645772644009562,0.0166297750090818,-0.2343188620094058
subject_97,Memory,-0.0848253154135041,-0.3111010261720365,-0.1999531699475979,0.2411639336259921,0.1259612008080794
subject_98,Documentary,0.0132515115196386,-0.0232684905153721,-0.3588871282804898,-0.0229718394839797,0.2364960017303632
subject_98,GoNoGo,-0.1325201290222482,0.2312690631296697,0.0618294065503523,-0.1418452309037309,-0.1244534481524268
subject_98,HardMath,-0.1120585429630772,0.3047062365647703,0.3645772644009562,0.0166297750090818,-0.2343188620094058
subject_98,Memory,-0.08482531541350409,-0.3111010261720365,-0.1999531699475979,0.2411639336259921,0.1259612008080794
subject_99,Documentary,0.0132515115196386,-0.0232684905153721,-0.3588871282804898,-0.0229718394839797,0.2364960017303632
subject_99,GoNoGo,-0.1325201290222482,0.2312690631296697,0.0618294065503523,-0.1418452309037309,-0.1244534481524268
subject_99,HardMath,-0.1120585429630772,0.3047062365647703,0.3645772644009562,0.0166297750090818,-0.2343188620094058
subject_99,Memory,-0.08482531541350409,-0.3111010261720365,-0.1999531699475979,0.2411639336259921,0.1259612008080794
