Id_number,Task_name,RT,acc
subject001,0B,0.785235969,1.0
subject001,1B,0.717602467,0.923076923
subject001,2B-Face,0.893298888,0.854166667
subject001,2B-Scene,0.852943517,0.816326531
subject001,EasyMath,1.901653282,0.927272727
subject001,FingerTap,0.365091043,1.0
subject001,GoNoGo,1.021560398,0.7656862744999999
subject001,HardMath,2.080747245,0.655172414
subject010,0B,0.919694418,1.0
subject010,1B,1.512796964,1.0
subject010,2B-Face,0.900059138,0.446808511
subject010,2B-Scene,0.926586384,0.704545455
subject010,EasyMath,1.992209016,0.948275862
subject010,FingerTap,0.540215928,1.0
subject010,GoNoGo,1.018490821,0.6561866125
subject010,HardMath,2.500426663,0.872340426
subject100,0B,0.785014709,1.0
subject100,1B,0.995642742,1.0
subject100,2B-Face,0.844570637,0.836734694
subject100,2B-Scene,0.884774826,0.823529412
subject100,EasyMath,1.995579986,0.980392157
subject100,FingerTap,0.506140948,1.0
subject100,GoNoGo,1.004229651,0.820448179
subject100,HardMath,2.70082279,0.630434783
subject101,0B,0.5448723,0.9
subject101,1B,1.222829933,0.9
subject101,2B-Face,0.82241709,0.888888889
subject101,2B-Scene,0.825083935,0.842105263
subject101,EasyMath,1.912074286,0.942307692
subject101,FingerTap,0.563055378,1.0
subject101,GoNoGo,1.013992117,0.785855263
subject101,HardMath,2.184311158,0.877192982
subject102,0B,0.858979227,1.0
subject102,1B,0.586913509,1.0
subject102,2B-Face,0.8622985,0.7
subject102,2B-Scene,0.652545179,0.842105263
subject102,EasyMath,1.835711455,0.96969697
subject102,FingerTap,0.344318887,1.0
subject102,GoNoGo,1.046746341,0.709563164
subject102,HardMath,1.889645584,0.892857143
subject103,0B,0.563319022,1.0
subject103,1B,0.758875615,1.0
subject103,2B-Face,0.731302624,0.961538462
subject103,2B-Scene,1.010699075,0.782608696
subject103,EasyMath,1.913422177,0.983870968
subject103,FingerTap,0.368852545,1.0
subject103,GoNoGo,0.98809682,0.7979166664999999
subject103,HardMath,2.462429698,0.897959184
subject104,0B,0.824714889,1.0
subject104,1B,1.2128152,0.916666667
subject104,2B-Face,0.87079164,0.826923077
subject104,2B-Scene,0.832185363,0.867924528
subject104,EasyMath,1.951045222,0.983050847
subject104,FingerTap,0.400798893,1.0
subject104,GoNoGo,1.037039086,0.8062770564999999
subject104,HardMath,1.964935559,0.981818182
subject105,0B,1.188712911,0.818181818
subject105,1B,1.615545867,0.9
subject105,2B-Face,0.876515215,0.810344828
subject105,2B-Scene,0.759745711,0.846153846
subject105,EasyMath,1.985458274,0.85483871
subject105,FingerTap,0.411330397,1.0
subject105,GoNoGo,1.004693953,0.668154762
subject105,HardMath,1.920741427,0.508474576
subject106,0B,0.845060878,0.75
subject106,1B,0.8312143,0.909090909
subject106,2B-Face,0.918719936,0.804878049
subject106,2B-Scene,0.833804657,0.807692308
subject106,EasyMath,1.852703168,0.983606557
subject106,FingerTap,0.355849567,1.0
subject106,GoNoGo,1.012069682,0.831578947
subject106,HardMath,2.090520912,0.980769231
subject107,0B,1.723053289,0.9
subject107,1B,1.378507167,0.6
subject107,2B-Face,0.940608666,0.69047619
subject107,2B-Scene,0.924004233,0.734693878
subject107,EasyMath,2.006124233,0.934782609
subject107,FingerTap,0.458931271,1.0
subject107,GoNoGo,1.047288512,0.8066666665
subject107,HardMath,2.604207528,0.892857143
subject108,0B,0.663243689,1.0
subject108,1B,1.00359734,1.0
subject108,2B-Face,0.959080119,0.84
subject108,2B-Scene,0.624675122,0.819672131
subject108,EasyMath,2.043321035,0.964912281
subject108,FingerTap,0.379037066,1.0
subject108,GoNoGo,1.033701129,0.8226190474999999
subject108,HardMath,2.260974492,0.941176471
subject109,0B,1.175629673,1.0
subject109,1B,1.42084936,0.909090909
subject109,2B-Face,0.955101458,0.826086957
subject109,2B-Scene,0.756170224,0.777777778
subject109,EasyMath,2.080182216,0.949152542
subject109,FingerTap,0.495982842,1.0
subject109,GoNoGo,1.024811617,0.722477064
subject109,HardMath,2.491979271,0.756097561
subject011,0B,0.64069938,1.0
subject011,1B,0.732224,1.0
subject011,2B-Face,0.989394249,0.847826087
subject011,2B-Scene,0.847568382,0.844827586
subject011,EasyMath,1.866253825,0.982142857
subject011,FingerTap,0.37614823,1.0
subject011,GoNoGo,1.006752793,0.585714286
subject011,HardMath,2.087823398,0.783333333
subject110,0B,0.572706291,1.0
subject110,1B,0.92707161,1.0
subject110,2B-Face,0.546124758,0.767857143
subject110,2B-Scene,0.671718487,0.898305085
subject110,EasyMath,1.827101877,1.0
subject110,FingerTap,0.310582345,1.0
subject110,GoNoGo,1.03362723,0.65234375
subject110,HardMath,2.14368926,0.872727273
subject111,0B,0.570455775,1.0
subject111,1B,,0.0
subject111,2B-Face,0.640488261,0.84375
subject111,2B-Scene,0.757617056,0.755555556
subject111,EasyMath,2.018299298,0.950819672
subject111,FingerTap,0.486410854,1.0
subject111,GoNoGo,1.08195893,0.758080808
subject111,HardMath,2.767254838,0.865384615
subject112,0B,1.39255437,0.833333333
subject112,1B,1.019571829,0.777777778
subject112,2B-Face,0.66291663,0.841269841
subject112,2B-Scene,0.850742453,0.886792453
subject112,EasyMath,1.901367616,0.962264151
subject112,FingerTap,0.44367065,1.0
subject112,GoNoGo,1.05359744,0.5466976265000001
subject112,HardMath,2.21878398,0.980769231
subject113,0B,0.758121333,1.0
subject113,1B,1.177624818,1.0
subject113,2B-Face,1.178880651,0.822222222
subject113,2B-Scene,0.921407365,0.884615385
subject113,EasyMath,1.988359471,0.966666667
subject113,FingerTap,0.41167255,1.0
subject113,GoNoGo,1.014235513,0.8944805195000001
subject113,HardMath,2.553530236,0.837209302
subject114,0B,1.01278804,1.0
subject114,1B,1.33889174,0.454545455
subject114,2B-Face,0.88305227,0.652173913
subject114,2B-Scene,0.840164094,0.744186047
subject114,EasyMath,2.260476003,0.795918367
subject114,FingerTap,0.411742427,1.0
subject114,GoNoGo,1.02661739,0.699599466
subject114,HardMath,2.464110905,0.869565217
subject115,0B,0.69829624,1.0
subject115,1B,1.499681036,0.916666667
subject115,2B-Face,0.794492404,0.86440678
subject115,2B-Scene,0.801729597,0.734693878
subject115,EasyMath,1.967793231,1.0
subject115,FingerTap,0.35747757,1.0
subject115,GoNoGo,0.997121572,0.810206134
subject115,HardMath,2.323571258,0.765957447
subject116,0B,0.684804667,1.0
subject116,1B,1.316652714,1.0
subject116,2B-Face,0.830131796,0.821428571
subject116,2B-Scene,0.821952378,0.859649123
subject116,EasyMath,1.877122812,0.98245614
subject116,FingerTap,0.30715434,1.0
subject116,GoNoGo,1.004889309,0.957155285
subject116,HardMath,1.914238151,0.983333333
subject117,0B,0.655458575,1.0
subject117,1B,1.14413942,1.0
subject117,2B-Face,1.016988008,0.553191489
subject117,2B-Scene,1.168608374,0.914893617
subject117,EasyMath,1.986223171,0.949152542
subject117,FingerTap,0.338844325,1.0
subject117,GoNoGo,1.034528003,0.8864661655
subject117,HardMath,3.44741845,0.857142857
subject118,0B,0.630452914,0.777777778
subject118,1B,1.173573133,0.272727273
subject118,2B-Face,0.716936008,0.863636364
subject118,2B-Scene,0.746478891,0.885245902
subject118,EasyMath,1.86908933,1.0
subject118,FingerTap,0.404778983,1.0
subject118,GoNoGo,0.988782521,0.56
subject118,HardMath,1.971428813,1.0
subject119,0B,0.927060927,1.0
subject119,1B,1.254881845,1.0
subject119,2B-Face,0.7281361,0.151515152
subject119,2B-Scene,0.7985812,0.256410256
subject119,EasyMath,1.952668946,0.964285714
subject119,FingerTap,0.778508015,1.0
subject119,GoNoGo,1.03227473,0.8571428575
subject119,HardMath,2.281403443,0.777777778
subject012,0B,0.63596201,1.0
subject012,1B,1.100251444,1.0
subject012,2B-Face,0.743016326,0.813953488
subject012,2B-Scene,0.883907582,0.723404255
subject012,EasyMath,1.900276789,0.979166667
subject012,FingerTap,0.365693066,1.0
subject012,GoNoGo,1.00282759,0.7628205125
subject012,HardMath,1.99539488,0.983606557
subject120,0B,2.252944943,0.7
subject120,1B,0.8818851,0.916666667
subject120,2B-Face,0.853680285,0.85106383
subject120,2B-Scene,0.933289265,0.840909091
subject120,EasyMath,1.973646649,0.960784314
subject120,FingerTap,0.405895506,1.0
subject120,GoNoGo,0.996862072,0.8386824325
subject120,HardMath,2.409429298,0.914893617
subject121,0B,,0.0
subject121,1B,,0.0
subject121,2B-Face,,0.0
subject121,2B-Scene,1.566254,0.028571429
subject121,EasyMath,2.9172925,0.083333333
subject121,FingerTap,1.215684143,0.84
subject121,GoNoGo,1.010775267,0.5
subject121,HardMath,,0.0
subject122,0B,0.518620389,0.818181818
subject122,1B,1.131571823,1.0
subject122,2B-Face,0.562087658,0.703703704
subject122,2B-Scene,0.624391717,0.816326531
subject122,EasyMath,1.897100985,1.0
subject122,FingerTap,0.339476788,1.0
subject122,GoNoGo,1.051251677,0.7970238095
subject122,HardMath,2.031117235,0.796296296
subject123,0B,0.8760645,1.0
subject123,1B,1.153737845,1.0
subject123,2B-Face,0.993939087,0.794871795
subject123,2B-Scene,1.07074784,0.85106383
subject123,EasyMath,2.111349511,0.959183673
subject123,FingerTap,0.364732363,1.0
subject123,GoNoGo,1.010658145,0.92920354
subject123,HardMath,2.078127873,0.98245614
subject125,0B,1.2669609,0.9
subject125,1B,0.98724926,0.833333333
subject125,2B-Face,0.667586806,0.790697674
subject125,2B-Scene,0.624305634,0.729166667
subject125,EasyMath,1.926587636,1.0
subject125,FingerTap,0.390857328,1.0
subject125,GoNoGo,1.001903826,0.8794037939999999
subject125,HardMath,2.037255969,1.0
subject126,0B,0.70505647,1.0
subject126,1B,0.98999004,1.0
subject126,2B-Face,0.936354586,0.755102041
subject126,2B-Scene,0.85285674,0.909090909
subject126,EasyMath,1.911281498,1.0
subject126,FingerTap,0.496836576,0.981818182
subject126,GoNoGo,0.966775878,0.9139150945000001
subject126,HardMath,2.007161207,0.98245614
subject129,0B,,0.0
subject129,1B,,0.0
subject129,2B-Face,0.817510995,0.678571429
subject129,2B-Scene,0.909932943,0.477272727
subject129,EasyMath,1.884451886,1.0
subject129,FingerTap,0.530725429,0.85
subject129,GoNoGo,0.980085843,0.584740827
subject129,HardMath,2.162185638,0.888888889
subject013,0B,0.635337764,1.0
subject013,1B,1.10949565,0.857142857
subject013,2B-Face,0.946147691,0.914893617
subject013,2B-Scene,0.873847825,0.608695652
subject013,EasyMath,1.90175492,1.0
subject013,FingerTap,0.378504965,1.0
subject013,GoNoGo,1.050308447,0.90892094
subject013,HardMath,2.102498198,0.980769231
subject130,0B,2.32940856,0.909090909
subject130,1B,1.432126445,0.785714286
subject130,2B-Face,1.2733043,0.142857143
subject130,2B-Scene,1.499457314,0.162790698
subject130,EasyMath,2.271071324,0.763157895
subject130,FingerTap,0.610723545,1.0
subject130,GoNoGo,0.993908082,0.468643656
subject130,HardMath,2.460148117,0.714285714
subject131,0B,1.39909333,1.0
subject131,1B,1.130122067,0.6
subject131,2B-Face,0.856113895,0.76
subject131,2B-Scene,0.676977659,0.754098361
subject131,EasyMath,1.935519324,0.984375
subject131,FingerTap,0.443072614,1.0
subject131,GoNoGo,0.996844245,0.8329831935
subject131,HardMath,2.253790698,0.830188679
subject132,0B,2.496772057,0.7
subject132,1B,1.99920851,0.909090909
subject132,2B-Face,1.039286614,0.804347826
subject132,2B-Scene,0.903561196,0.884615385
subject132,EasyMath,2.101462538,0.98245614
subject132,FingerTap,0.432113227,1.0
subject132,GoNoGo,1.029683543,0.6696428569999999
subject132,HardMath,2.745606187,0.704545455
subject133,0B,0.62834377,1.0
subject133,1B,1.22978986,1.0
subject133,2B-Face,0.967245517,0.816326531
subject133,2B-Scene,0.856522558,0.818181818
subject133,EasyMath,1.867996313,1.0
subject133,FingerTap,0.332782256,1.0
subject133,GoNoGo,1.009750678,0.7828478965
subject133,HardMath,2.060415844,0.925925926
subject134,0B,1.57435564,0.909090909
subject134,1B,1.199797788,1.0
subject134,2B-Face,0.913846956,0.347826087
subject134,2B-Scene,0.805805219,0.673913043
subject134,EasyMath,2.105303479,0.847826087
subject134,FingerTap,0.562401344,0.969230769
subject134,GoNoGo,1.040337684,0.691269841
subject134,HardMath,2.47649621,0.719298246
subject135,0B,0.707975878,1.0
subject135,1B,1.151385267,1.0
subject135,2B-Face,0.973619158,0.9
subject135,2B-Scene,0.919253669,0.829787234
subject135,EasyMath,1.943884225,0.927272727
subject135,FingerTap,0.391263587,1.0
subject135,GoNoGo,1.02564738,0.846153846
subject135,HardMath,2.085686175,0.894736842
subject136,0B,1.643241789,1.0
subject136,1B,1.290855654,1.0
subject136,2B-Face,1.155069204,0.666666667
subject136,2B-Scene,0.823491478,0.901960784
subject136,EasyMath,1.970840574,1.0
subject136,FingerTap,0.319221207,1.0
subject136,GoNoGo,1.024397732,0.7214285715
subject136,HardMath,2.329060985,0.869565217
subject137,0B,0.67048442,0.909090909
subject137,1B,1.089322211,0.818181818
subject137,2B-Face,1.109392743,0.333333333
subject137,2B-Scene,0.940440529,0.615384615
subject137,EasyMath,1.873737731,1.0
subject137,FingerTap,0.267479436,1.0
subject137,GoNoGo,1.057495162,0.5789473679999999
subject137,HardMath,2.238053365,0.981132075
subject138,0B,0.931527377,1.0
subject138,1B,1.40039392,0.625
subject138,2B-Face,0.985348647,0.803571429
subject138,2B-Scene,1.080438807,0.666666667
subject138,EasyMath,1.956619563,1.0
subject138,FingerTap,0.5813804,1.0
subject138,GoNoGo,1.036538305,0.5235849055
subject138,HardMath,2.14707254,0.933333333
subject139,0B,0.786052073,1.0
subject139,1B,1.156324389,1.0
subject139,2B-Face,0.892011532,0.925925926
subject139,2B-Scene,0.977711194,0.890909091
subject139,EasyMath,1.944492854,0.962962963
subject139,FingerTap,0.417574191,1.0
subject139,GoNoGo,1.046606867,0.865740741
subject139,HardMath,2.068367271,0.807692308
subject014,0B,0.767334364,1.0
subject014,1B,1.00346982,1.0
subject014,2B-Face,0.893437642,0.882352941
subject014,2B-Scene,1.109553345,0.674418605
subject014,EasyMath,2.060524152,0.984615385
subject014,FingerTap,0.389821714,1.0
subject014,GoNoGo,1.029520446,0.5205357145
subject014,HardMath,3.527581672,0.694444444
subject140,0B,1.215076347,1.0
subject140,1B,1.543338683,0.857142857
subject140,2B-Face,0.680038151,0.907407407
subject140,2B-Scene,0.793106255,0.644444444
subject140,EasyMath,1.986090178,0.983333333
subject140,FingerTap,0.429237608,1.0
subject140,GoNoGo,1.000978278,0.600564573
subject140,HardMath,2.45050426,0.823529412
subject141,0B,0.593862345,1.0
subject141,1B,0.5481327,0.3
subject141,2B-Face,0.82729763,0.913793103
subject141,2B-Scene,0.922051697,0.975609756
subject141,EasyMath,1.905131315,1.0
subject141,FingerTap,0.367869104,1.0
subject141,GoNoGo,1.037061928,0.9164215689999999
subject141,HardMath,1.931079112,0.879310345
subject142,0B,0.683965091,1.0
subject142,1B,1.362763636,1.0
subject142,2B-Face,1.049098455,0.862745098
subject142,2B-Scene,1.1656054,0.795454545
subject142,EasyMath,2.02688463,0.95
subject142,FingerTap,0.444390767,1.0
subject142,GoNoGo,1.025489952,0.9036842105
subject142,HardMath,3.070620824,0.68
subject143,0B,0.561068955,1.0
subject143,1B,1.02072543,0.909090909
subject143,2B-Face,0.862450876,0.836734694
subject143,2B-Scene,0.926782613,0.738095238
subject143,EasyMath,1.916053826,1.0
subject143,FingerTap,0.351896441,1.0
subject143,GoNoGo,1.033602181,0.8186813184999999
subject143,HardMath,2.519675121,0.895833333
subject144,0B,0.60021695,1.0
subject144,1B,1.127091625,1.0
subject144,2B-Face,1.014335179,0.84
subject144,2B-Scene,1.087315773,0.836734694
subject144,EasyMath,2.025520572,1.0
subject144,FingerTap,0.45409055,1.0
subject144,GoNoGo,1.035616322,0.9045209175
subject144,HardMath,2.906501891,0.921052632
subject145,0B,1.689487617,0.75
subject145,1B,1.38193587,0.833333333
subject145,2B-Face,1.180837831,0.590909091
subject145,2B-Scene,1.05978327,0.903846154
subject145,EasyMath,2.023744195,0.965517241
subject145,FingerTap,0.473515833,1.0
subject145,GoNoGo,1.027036756,0.850496278
subject145,HardMath,2.586218625,0.64
subject146,0B,0.779740209,1.0
subject146,1B,1.182362189,0.9
subject146,2B-Face,1.0000041,0.808510638
subject146,2B-Scene,0.981403347,0.80952381
subject146,EasyMath,1.974436986,0.983333333
subject146,FingerTap,0.35703839,1.0
subject146,GoNoGo,1.061207823,0.724137931
subject146,HardMath,2.825533641,0.658536585
subject147,0B,2.057870822,0.818181818
subject147,1B,1.76785973,1.0
subject147,2B-Face,1.133923955,0.630434783
subject147,2B-Scene,0.906335215,0.941176471
subject147,EasyMath,2.036745895,1.0
subject147,FingerTap,0.394620166,1.0
subject147,GoNoGo,1.049245933,0.5647522524999999
subject147,HardMath,2.606331338,0.882352941
subject148,0B,0.836181218,1.0
subject148,1B,1.802434511,1.0
subject148,2B-Face,0.899155917,0.823529412
subject148,2B-Scene,0.764914149,0.898305085
subject148,EasyMath,1.893100569,1.0
subject148,FingerTap,0.46559516,1.0
subject148,GoNoGo,1.036976779,0.699949187
subject148,HardMath,2.397376021,0.755555556
subject149,0B,0.616093233,1.0
subject149,1B,0.78784788,0.909090909
subject149,2B-Face,1.30695446,0.27027027
subject149,2B-Scene,0.968020976,0.791666667
subject149,EasyMath,1.970886012,0.962962963
subject149,FingerTap,0.33003294,1.0
subject149,GoNoGo,1.036386957,0.7633402635
subject149,HardMath,3.021364412,0.913043478
subject015,0B,0.673880069,1.0
subject015,1B,1.14769,0.8
subject015,2B-Face,1.056365262,0.787234043
subject015,2B-Scene,1.170221848,0.62
subject015,EasyMath,1.907161513,1.0
subject015,FingerTap,0.294510994,1.0
subject015,GoNoGo,1.04419441,0.6472477065
subject015,HardMath,2.696262617,0.909090909
subject150,0B,0.940707877,0.866666667
subject150,1B,1.643868143,0.636363636
subject150,2B-Face,0.883693455,0.839285714
subject150,2B-Scene,0.821044336,0.893617021
subject150,EasyMath,2.013940659,0.964285714
subject150,FingerTap,0.569175115,0.8
subject150,GoNoGo,0.98430746,0.7541846004999999
subject150,HardMath,2.3346491,0.755102041
subject151,0B,0.866195912,0.727272727
subject151,1B,0.86233811,0.909090909
subject151,2B-Face,0.564554288,0.781818182
subject151,2B-Scene,0.768554298,0.903225806
subject151,EasyMath,2.1604095,0.536585366
subject151,FingerTap,0.379076927,1.0
subject151,GoNoGo,1.037396484,0.6659663865000001
subject151,HardMath,2.889647429,0.485714286
subject152,0B,0.770640036,0.916666667
subject152,1B,0.850312056,1.0
subject152,2B-Face,1.257572173,0.75
subject152,2B-Scene,0.866674503,0.886363636
subject152,EasyMath,1.911271026,1.0
subject152,FingerTap,0.374404163,1.0
subject152,GoNoGo,0.988556106,0.873263889
subject152,HardMath,2.187845532,0.87037037
subject153,0B,0.665222292,1.0
subject153,1B,1.770417782,1.0
subject153,2B-Face,1.167967137,0.177777778
subject153,2B-Scene,0.947357071,0.79245283
subject153,EasyMath,1.977639589,0.947368421
subject153,FingerTap,0.352188237,1.0
subject153,GoNoGo,1.028257879,0.587777778
subject153,HardMath,2.36788703,0.826923077
subject154,0B,0.638024057,0.875
subject154,1B,1.09003034,0.909090909
subject154,2B-Face,0.68367356,0.113636364
subject154,2B-Scene,0.51846154,0.128205128
subject154,EasyMath,1.941782858,0.967741935
subject154,FingerTap,0.348867417,1.0
subject154,GoNoGo,1.025516415,0.847946726
subject154,HardMath,2.04648039,0.890909091
subject155,0B,1.962306733,0.214285714
subject155,1B,1.98054215,0.222222222
subject155,2B-Face,0.897468844,0.695652174
subject155,2B-Scene,1.12823379,0.8
subject155,EasyMath,2.9171675,0.071428571
subject155,FingerTap,0.860962838,1.0
subject155,GoNoGo,1.048606824,0.8238831615
subject155,HardMath,2.298703926,0.563636364
subject156,0B,0.64599457,1.0
subject156,1B,1.135273992,1.0
subject156,2B-Face,1.087400058,0.849056604
subject156,2B-Scene,1.127555717,0.875
subject156,EasyMath,1.880868134,1.0
subject156,FingerTap,0.343450514,1.0
subject156,GoNoGo,0.9957015,0.94348659
subject156,HardMath,2.359890839,0.960784314
subject157,0B,1.010221178,0.9
subject157,1B,0.756303391,1.0
subject157,2B-Face,0.83757866,0.789473684
subject157,2B-Scene,0.650447916,0.762711864
subject157,EasyMath,1.910890777,0.955223881
subject157,FingerTap,0.342921161,1.0
subject157,GoNoGo,1.017858713,0.8394276629999999
subject157,HardMath,2.016897444,0.923076923
subject158,0B,1.118334286,0.7
subject158,1B,0.798731833,0.9
subject158,2B-Face,0.664074544,0.642857143
subject158,2B-Scene,0.58455778,0.818181818
subject158,EasyMath,1.937581655,0.94
subject158,FingerTap,0.360082269,1.0
subject158,GoNoGo,0.952519114,0.6495956869999999
subject158,HardMath,2.581418209,0.739130435
subject159,0B,0.806024,1.0
subject159,1B,0.6445712,0.666666667
subject159,2B-Face,0.973147016,0.756097561
subject159,2B-Scene,0.771000994,0.705882353
subject159,EasyMath,2.142214504,0.886792453
subject159,FingerTap,0.39710191,1.0
subject159,GoNoGo,1.033964938,0.6404411765
subject159,HardMath,2.14490888,0.836734694
subject016,0B,0.867747809,1.0
subject016,1B,0.746321955,1.0
subject016,2B-Face,0.628014347,0.903846154
subject016,2B-Scene,0.659517004,0.851851852
subject016,EasyMath,1.904688369,0.979591837
subject016,FingerTap,0.368999137,1.0
subject016,GoNoGo,1.009026717,0.8845360825
subject016,HardMath,2.06116884,0.981132075
subject160,0B,0.7849687,1.0
subject160,1B,0.897347509,1.0
subject160,2B-Face,0.835990514,0.933333333
subject160,2B-Scene,0.839719227,0.912280702
subject160,EasyMath,1.9290082,0.960784314
subject160,FingerTap,0.420860606,1.0
subject160,GoNoGo,1.006988465,0.707850708
subject160,HardMath,2.106636194,0.943396226
subject161,0B,0.849503571,1.0
subject161,1B,0.727642408,1.0
subject161,2B-Face,0.854907109,0.839285714
subject161,2B-Scene,0.983988558,0.912280702
subject161,EasyMath,2.008467573,0.944444444
subject161,FingerTap,0.336089375,1.0
subject161,GoNoGo,1.022484434,0.7845528454999999
subject161,HardMath,2.765039992,0.822222222
subject162,0B,1.179996023,0.928571429
subject162,1B,1.435776078,0.9
subject162,2B-Face,1.065454062,0.711111111
subject162,2B-Scene,0.723183787,0.903846154
subject162,EasyMath,1.881419519,1.0
subject162,FingerTap,0.418023172,1.0
subject162,GoNoGo,1.09163325,0.5
subject162,HardMath,2.154186337,0.895833333
subject163,0B,1.66152455,0.8
subject163,1B,1.358591983,0.545454545
subject163,2B-Face,0.844485247,0.64
subject163,2B-Scene,0.843923248,0.84
subject163,EasyMath,2.01934958,0.75
subject163,FingerTap,0.792504375,1.0
subject163,GoNoGo,1.045889588,0.43563685650000006
subject163,HardMath,2.67148745,0.47826087
subject164,0B,0.543634064,1.0
subject164,1B,0.74452159,1.0
subject164,2B-Face,0.734254777,0.888888889
subject164,2B-Scene,0.653445946,0.867924528
subject164,EasyMath,1.860288712,1.0
subject164,FingerTap,0.391918961,1.0
subject164,GoNoGo,1.031804298,0.963963964
subject164,HardMath,2.090052821,0.813559322
subject165,0B,0.63675832,0.909090909
subject165,1B,1.14701238,0.909090909
subject165,2B-Face,0.745346615,0.872727273
subject165,2B-Scene,0.722062378,0.964285714
subject165,EasyMath,1.855880308,0.981481481
subject165,FingerTap,0.369193917,1.0
subject165,GoNoGo,0.999110209,0.8053325689999999
subject165,HardMath,2.65689733,0.959183673
subject166,0B,0.9002252,1.0
subject166,1B,1.17802928,0.909090909
subject166,2B-Face,1.002378111,0.770833333
subject166,2B-Scene,0.89765838,0.918367347
subject166,EasyMath,1.914763726,0.983050847
subject166,FingerTap,0.351464582,1.0
subject166,GoNoGo,0.987575553,0.8777841234999999
subject166,HardMath,2.088156559,0.836363636
subject167,0B,0.96771995,1.0
subject167,1B,1.612109233,0.333333333
subject167,2B-Face,0.911767712,0.829268293
subject167,2B-Scene,0.623139823,0.8
subject167,EasyMath,1.898312951,0.979166667
subject167,FingerTap,0.457392566,1.0
subject167,GoNoGo,0.982168711,0.537096774
subject167,HardMath,2.589521337,1.0
subject168,0B,0.81144245,1.0
subject168,1B,0.887111455,1.0
subject168,2B-Face,0.892601271,0.84
subject168,2B-Scene,0.818718892,0.913793103
subject168,EasyMath,1.91342228,1.0
subject168,FingerTap,0.380787434,1.0
subject168,GoNoGo,1.060025718,0.8537699925
subject168,HardMath,2.110647567,0.901960784
subject169,0B,0.70799806,1.0
subject169,1B,0.8291223,0.769230769
subject169,2B-Face,0.891617155,0.88
subject169,2B-Scene,0.803011812,0.859649123
subject169,EasyMath,1.969779424,0.983050847
subject169,FingerTap,0.393934335,1.0
subject169,GoNoGo,1.001263043,0.795138889
subject169,HardMath,2.265706576,0.82
subject017,0B,0.883417773,1.0
subject017,1B,1.246887822,1.0
subject017,2B-Face,1.064473255,0.888888889
subject017,2B-Scene,1.02093749,0.891304348
subject017,EasyMath,1.821316471,1.0
subject017,FingerTap,0.356889578,1.0
subject017,GoNoGo,0.999004311,0.89516678
subject017,HardMath,2.200471128,0.94
subject170,0B,0.72274358,1.0
subject170,1B,1.180033958,1.0
subject170,2B-Face,1.252087353,0.863636364
subject170,2B-Scene,1.249072356,0.842105263
subject170,EasyMath,1.911218207,0.95
subject170,FingerTap,0.427344527,1.0
subject170,GoNoGo,0.969545089,0.5978142075
subject170,HardMath,2.160297651,0.87755102
subject171,0B,0.97737849,0.909090909
subject171,1B,0.914748055,1.0
subject171,2B-Face,0.68338868,0.652173913
subject171,2B-Scene,0.449212239,0.759259259
subject171,EasyMath,1.940284467,0.928571429
subject171,FingerTap,0.432805134,1.0
subject171,GoNoGo,1.060240896,0.60143585
subject171,HardMath,2.025459848,0.90625
subject172,0B,1.220155029,0.7
subject172,1B,0.997021477,1.0
subject172,2B-Face,0.557686444,0.872727273
subject172,2B-Scene,0.675109356,0.8125
subject172,EasyMath,2.129955695,0.79245283
subject172,FingerTap,0.43110319,1.0
subject172,GoNoGo,1.011156028,0.642156863
subject172,HardMath,2.398901161,0.655172414
subject173,0B,0.61580805,0.833333333
subject173,1B,0.76824433,1.0
subject173,2B-Face,0.647437759,0.759259259
subject173,2B-Scene,0.638295432,0.824561404
subject173,EasyMath,1.914820322,1.0
subject173,FingerTap,0.393773488,1.0
subject173,GoNoGo,1.024320718,0.7265221875000001
subject173,HardMath,2.75814362,0.851851852
subject174,0B,0.632061557,0.636363636
subject174,1B,0.936809338,1.0
subject174,2B-Face,1.464700718,0.682926829
subject174,2B-Scene,1.425382933,0.731707317
subject174,EasyMath,1.916678491,1.0
subject174,FingerTap,0.425791143,1.0
subject174,GoNoGo,0.999815966,0.755387931
subject174,HardMath,2.018028382,0.982758621
subject175,0B,0.865730022,0.9
subject175,1B,0.979471027,1.0
subject175,2B-Face,1.201722218,0.869565217
subject175,2B-Scene,1.208765985,0.702702703
subject175,EasyMath,1.875567928,0.961538462
subject175,FingerTap,0.283996292,1.0
subject175,GoNoGo,1.021829463,0.7468926555
subject175,HardMath,1.970971616,0.962264151
subject176,0B,0.951347755,1.0
subject176,1B,1.505718587,0.727272727
subject176,2B-Face,1.067005,0.867924528
subject176,2B-Scene,1.144095277,0.769230769
subject176,EasyMath,2.0444921,0.981481481
subject176,FingerTap,0.462370583,1.0
subject176,GoNoGo,1.096994005,0.7935352360000001
subject176,HardMath,3.604191393,0.642857143
subject177,0B,1.08239673,1.0
subject177,1B,0.918029318,1.0
subject177,2B-Face,0.782934007,0.872340426
subject177,2B-Scene,0.890988454,0.833333333
subject177,EasyMath,1.927932225,1.0
subject177,FingerTap,0.419333504,1.0
subject177,GoNoGo,1.062082485,0.338772339
subject177,HardMath,2.512593876,0.76
subject178,0B,0.524649563,0.888888889
subject178,1B,0.592291022,1.0
subject178,2B-Face,0.768419205,0.787234043
subject178,2B-Scene,0.63722964,0.87755102
subject178,EasyMath,1.85913344,0.982758621
subject178,FingerTap,0.363788411,1.0
subject178,GoNoGo,1.075590395,0.7688651215
subject178,HardMath,2.464409651,0.953488372
subject179,0B,0.699627809,1.0
subject179,1B,1.02774671,1.0
subject179,2B-Face,0.795619062,0.75
subject179,2B-Scene,1.011944103,0.822222222
subject179,EasyMath,1.902681922,0.940298507
subject179,FingerTap,0.334022581,1.0
subject179,GoNoGo,1.013794986,0.8413693345
subject179,HardMath,2.365528485,0.854166667
subject018,0B,0.933342256,0.818181818
subject018,1B,1.673344789,0.9
subject018,2B-Face,1.237913822,0.5
subject018,2B-Scene,0.944591321,0.724137931
subject018,EasyMath,1.972352354,1.0
subject018,FingerTap,0.614685655,0.84
subject018,GoNoGo,0.992921434,0.8708333335
subject018,HardMath,2.31807085,0.98245614
subject180,0B,1.22482397,0.909090909
subject180,1B,0.754793025,1.0
subject180,2B-Face,0.324361213,0.542372881
subject180,2B-Scene,0.267388027,0.471428571
subject180,EasyMath,1.853932937,0.86440678
subject180,FingerTap,0.370249951,1.0
subject180,GoNoGo,1.009419734,0.7578125
subject180,HardMath,2.003437708,0.857142857
subject181,0B,0.606766211,1.0
subject181,1B,1.103428117,1.0
subject181,2B-Face,0.98298061,0.707317073
subject181,2B-Scene,0.926590756,0.745454545
subject181,EasyMath,1.89440278,0.931034483
subject181,FingerTap,0.353114658,1.0
subject181,GoNoGo,1.078507212,0.7784313725
subject181,HardMath,2.210467483,0.625
subject182,0B,1.225452544,1.0
subject182,1B,1.85985784,0.5
subject182,2B-Face,0.7920755,0.736842105
subject182,2B-Scene,0.69445774,0.839285714
subject182,EasyMath,2.289077109,0.803571429
subject182,FingerTap,0.504252446,1.0
subject182,GoNoGo,1.052570698,0.49838187700000003
subject182,HardMath,2.172093452,0.852459016
subject183,0B,0.678735233,1.0
subject183,1B,0.994998782,1.0
subject183,2B-Face,1.062614735,0.880952381
subject183,2B-Scene,0.921854276,0.755102041
subject183,EasyMath,1.895947157,0.98
subject183,FingerTap,0.414143607,1.0
subject183,GoNoGo,0.955888704,0.807091346
subject183,HardMath,2.039068074,0.884615385
subject184,0B,1.3854197,1.0
subject184,1B,1.199061227,1.0
subject184,2B-Face,0.979003571,0.775510204
subject184,2B-Scene,0.715197137,0.911111111
subject184,EasyMath,2.058179816,0.983870968
subject184,FingerTap,0.383884917,1.0
subject184,GoNoGo,1.025116913,0.560949299
subject184,HardMath,2.503610216,0.756097561
subject185,0B,0.678505282,1.0
subject185,1B,1.128438973,1.0
subject185,2B-Face,1.122191937,0.911111111
subject185,2B-Scene,1.189497592,0.648648649
subject185,EasyMath,1.997741413,1.0
subject185,FingerTap,0.476850784,1.0
subject185,GoNoGo,1.030773416,0.8643790849999999
subject185,HardMath,2.497863413,0.97826087
subject186,0B,0.905736367,1.0
subject186,1B,1.28250678,1.0
subject186,2B-Face,0.935199246,0.288888889
subject186,2B-Scene,0.979960718,0.282051282
subject186,EasyMath,1.984091929,0.982142857
subject186,FingerTap,0.3801441,1.0
subject186,GoNoGo,1.009807337,0.8346203345000001
subject186,HardMath,2.091592371,0.927272727
subject187,0B,0.5856323,1.0
subject187,1B,0.858655645,1.0
subject187,2B-Face,1.051509758,0.634146341
subject187,2B-Scene,0.585092176,0.857142857
subject187,EasyMath,1.844310639,0.942307692
subject187,FingerTap,0.351328896,1.0
subject187,GoNoGo,0.978439311,0.523809524
subject187,HardMath,1.98270574,0.96875
subject188,0B,0.69172087,1.0
subject188,1B,1.147133892,1.0
subject188,2B-Face,1.130544438,0.933333333
subject188,2B-Scene,0.814280555,0.846153846
subject188,EasyMath,1.92805095,0.961538462
subject188,FingerTap,0.429941639,1.0
subject188,GoNoGo,1.040488749,0.736238532
subject188,HardMath,2.206319457,0.9
subject189,0B,0.689727127,1.0
subject189,1B,1.150449167,0.9
subject189,2B-Face,1.338382213,0.666666667
subject189,2B-Scene,1.070262968,0.826086957
subject189,EasyMath,1.955149723,0.962962963
subject189,FingerTap,0.420464133,1.0
subject189,GoNoGo,0.969737572,0.537735849
subject189,HardMath,2.367133371,0.803921569
subject190,0B,1.343984244,1.0
subject190,1B,1.318816229,0.777777778
subject190,2B-Face,0.764858849,0.903846154
subject190,2B-Scene,0.625186922,0.821428571
subject190,EasyMath,1.921408219,0.979591837
subject190,FingerTap,0.45459571,1.0
subject190,GoNoGo,1.016575469,0.6442715699999999
subject190,HardMath,2.310578167,0.833333333
subject191,0B,0.68629272,1.0
subject191,1B,1.532034355,1.0
subject191,2B-Face,0.9126009,0.82
subject191,2B-Scene,0.935832895,0.84
subject191,EasyMath,1.898224975,0.962962963
subject191,FingerTap,0.377666964,1.0
subject191,GoNoGo,1.05880777,0.8253623185
subject191,HardMath,1.996483155,0.730769231
subject192,0B,0.787365925,1.0
subject192,1B,0.838924255,0.916666667
subject192,2B-Face,0.799733287,0.962962963
subject192,2B-Scene,0.770275186,0.818181818
subject192,EasyMath,1.897104167,1.0
subject192,FingerTap,0.51543204,1.0
subject192,GoNoGo,1.028817298,0.8135456015
subject192,HardMath,2.688557464,0.928571429
subject193,0B,1.08494641,0.909090909
subject193,1B,1.221781073,1.0
subject193,2B-Face,1.045818139,0.7
subject193,2B-Scene,0.884546544,0.826923077
subject193,EasyMath,1.889061668,0.943396226
subject193,FingerTap,0.377138453,1.0
subject193,GoNoGo,1.033956829,0.8167735045
subject193,HardMath,2.18061604,0.918367347
subject194,0B,0.655863789,0.9
subject194,1B,0.87524564,1.0
subject194,2B-Face,1.017410393,0.88
subject194,2B-Scene,0.843606889,0.964912281
subject194,EasyMath,1.84633761,1.0
subject194,FingerTap,0.335565393,1.0
subject194,GoNoGo,1.059774733,0.953639083
subject194,HardMath,2.549689827,0.857142857
subject195,0B,0.740798027,1.0
subject195,1B,1.06667185,0.8
subject195,2B-Face,0.928386402,0.8
subject195,2B-Scene,0.920206228,0.821428571
subject195,EasyMath,1.976120838,0.90625
subject195,FingerTap,0.453523654,1.0
subject195,GoNoGo,0.995215576,0.504901961
subject195,HardMath,2.26052995,0.733333333
subject196,0B,0.590256175,0.8
subject196,1B,0.76346924,1.0
subject196,2B-Face,0.791007241,0.807017544
subject196,2B-Scene,0.84187703,0.92
subject196,EasyMath,1.835504702,0.964912281
subject196,FingerTap,0.331913077,1.0
subject196,GoNoGo,1.022406859,0.6526162790000001
subject196,HardMath,2.466072098,0.956521739
subject197,0B,0.767094864,1.0
subject197,1B,0.711636713,0.888888889
subject197,2B-Face,0.663976842,0.857142857
subject197,2B-Scene,0.765122598,0.807692308
subject197,EasyMath,2.065440733,0.882352941
subject197,FingerTap,0.714782752,1.0
subject197,GoNoGo,1.049667992,0.714814815
subject197,HardMath,2.440052918,0.730769231
subject198,0B,0.921856136,0.916666667
subject198,1B,1.4786295,1.0
subject198,2B-Face,1.076957103,0.787234043
subject198,2B-Scene,1.106947372,0.780487805
subject198,EasyMath,2.104873709,0.981481481
subject198,FingerTap,0.379113232,1.0
subject198,GoNoGo,1.034695495,0.8054421764999999
subject198,HardMath,2.527550943,0.714285714
subject199,0B,0.61858651,1.0
subject199,1B,0.837757089,1.0
subject199,2B-Face,0.811826519,0.840909091
subject199,2B-Scene,0.955335546,0.8125
subject199,EasyMath,1.907597481,1.0
subject199,FingerTap,0.324255549,1.0
subject199,GoNoGo,1.004229114,0.9789915965
subject199,HardMath,2.121138534,0.963636364
subject002,0B,0.796701683,1.0
subject002,1B,1.575783809,0.916666667
subject002,2B-Face,0.79955333,0.822222222
subject002,2B-Scene,0.879764811,0.717948718
subject002,EasyMath,1.980356547,0.984126984
subject002,FingerTap,0.360202145,1.0
subject002,GoNoGo,0.949165005,0.42857142849999996
subject002,HardMath,2.085445934,1.0
subject020,0B,0.634535579,0.933333333
subject020,1B,1.0362373,1.0
subject020,2B-Face,1.316750452,0.675675676
subject020,2B-Scene,0.989779788,0.913043478
subject020,EasyMath,1.972443004,0.981481481
subject020,FingerTap,0.667570236,1.0
subject020,GoNoGo,1.035846776,0.7738095235
subject020,HardMath,2.766411259,0.906976744
subject200,0B,0.81343469,1.0
subject200,1B,1.034947033,1.0
subject200,2B-Face,0.938956972,0.869565217
subject200,2B-Scene,0.994925784,0.902439024
subject200,EasyMath,1.923034309,0.966666667
subject200,FingerTap,0.36733969,1.0
subject200,GoNoGo,1.007750032,0.8839285715
subject200,HardMath,2.172013948,0.977777778
subject202,0B,1.120690022,1.0
subject202,1B,1.257631509,1.0
subject202,2B-Face,0.956583845,0.875
subject202,2B-Scene,1.351786506,0.853658537
subject202,EasyMath,2.0804337,1.0
subject202,FingerTap,0.567573368,1.0
subject202,GoNoGo,1.053961427,0.6015519565
subject202,HardMath,2.402395287,0.981132075
subject203,0B,0.547575945,1.0
subject203,1B,0.767547718,1.0
subject203,2B-Face,0.832454822,0.942307692
subject203,2B-Scene,1.172482289,0.880952381
subject203,EasyMath,1.842169669,0.955223881
subject203,FingerTap,0.329880826,1.0
subject203,GoNoGo,1.010979271,0.5333710405000001
subject203,HardMath,1.97000016,0.921568627
subject204,0B,0.654782878,1.0
subject204,1B,1.033709611,1.0
subject204,2B-Face,1.160256019,0.822222222
subject204,2B-Scene,1.144899434,0.844444444
subject204,EasyMath,1.926428497,0.983333333
subject204,FingerTap,0.533547389,1.0
subject204,GoNoGo,1.003511587,0.7693094625
subject204,HardMath,2.203517202,0.905660377
subject205,0B,0.8858105,1.0
subject205,1B,2.196297371,0.7
subject205,2B-Face,1.256213329,0.682926829
subject205,2B-Scene,1.239453262,0.772727273
subject205,EasyMath,1.976109143,0.984375
subject205,FingerTap,0.456453177,1.0
subject205,GoNoGo,1.050325242,0.7432506889999999
subject205,HardMath,1.997932989,0.921568627
subject021,0B,0.784806967,0.923076923
subject021,1B,1.065232229,0.7
subject021,2B-Face,0.754371549,0.85483871
subject021,2B-Scene,0.69045481,0.923076923
subject021,EasyMath,1.929196866,0.983870968
subject021,FingerTap,0.459892403,1.0
subject021,GoNoGo,0.953694578,0.7910872315
subject021,HardMath,2.364034754,0.980392157
subject022,0B,3.3314144,0.25
subject022,1B,0.90321705,0.363636364
subject022,2B-Face,0.662292346,0.8125
subject022,2B-Scene,0.622654997,0.684210526
subject022,EasyMath,2.613402428,0.545454545
subject022,FingerTap,0.332823085,0.983333333
subject022,GoNoGo,1.009156651,0.7231404955
subject022,HardMath,4.28860255,0.266666667
subject023,0B,1.162486655,1.0
subject023,1B,1.58774799,1.0
subject023,2B-Face,0.969984695,0.875
subject023,2B-Scene,0.824248355,0.863636364
subject023,EasyMath,2.06322395,0.967741935
subject023,FingerTap,0.536319084,1.0
subject023,GoNoGo,1.028046308,0.657936508
subject023,HardMath,2.488113467,0.888888889
subject024,0B,0.736442792,1.0
subject024,1B,1.28039765,1.0
subject024,2B-Face,0.895413765,0.577777778
subject024,2B-Scene,0.872551298,0.821428571
subject024,EasyMath,1.9570161,1.0
subject024,FingerTap,0.398944006,1.0
subject024,GoNoGo,1.056811434,0.7452830189999999
subject024,HardMath,2.57059894,0.826923077
subject026,0B,1.071359911,1.0
subject026,1B,1.03570637,0.909090909
subject026,2B-Face,0.987190154,0.764705882
subject026,2B-Scene,0.985673034,0.833333333
subject026,EasyMath,1.953734216,1.0
subject026,FingerTap,0.410960802,1.0
subject026,GoNoGo,0.988379215,0.7961836285
subject026,HardMath,2.728964987,0.863636364
subject027,0B,0.799909437,0.666666667
subject027,1B,1.3928013,1.0
subject027,2B-Face,0.930300994,0.729166667
subject027,2B-Scene,0.776984262,0.84
subject027,EasyMath,2.018222502,0.981132075
subject027,FingerTap,0.357420588,1.0
subject027,GoNoGo,1.032001559,0.648404993
subject027,HardMath,2.13067816,0.898305085
subject028,0B,0.613809137,0.8
subject028,1B,0.990090213,0.888888889
subject028,2B-Face,0.707665986,0.636363636
subject028,2B-Scene,0.724869351,0.951612903
subject028,EasyMath,1.811934709,0.985074627
subject028,FingerTap,0.398779424,1.0
subject028,GoNoGo,1.011864298,0.4625
subject028,HardMath,2.004037417,1.0
subject029,0B,0.77045716,0.909090909
subject029,1B,0.957118583,1.0
subject029,2B-Face,0.607048377,0.888888889
subject029,2B-Scene,0.8341512,0.511627907
subject029,EasyMath,1.875313613,0.984615385
subject029,FingerTap,0.451464866,0.984615385
subject029,GoNoGo,1.06109915,0.5
subject029,HardMath,1.974048339,0.907407407
subject003,0B,1.385622313,0.666666667
subject003,1B,1.1899688,0.636363636
subject003,2B-Face,1.170368916,0.863636364
subject003,2B-Scene,0.795774158,0.898305085
subject003,EasyMath,2.035715957,0.947368421
subject003,FingerTap,0.389048115,1.0
subject003,GoNoGo,0.994039279,0.505128205
subject003,HardMath,2.121588434,0.854166667
subject030,0B,1.242764655,1.0
subject030,1B,1.417559267,0.923076923
subject030,2B-Face,0.606130175,0.114285714
subject030,2B-Scene,1.103741986,0.205882353
subject030,EasyMath,2.282213215,0.717391304
subject030,FingerTap,0.681995156,0.983333333
subject030,GoNoGo,0.955735389,0.5
subject030,HardMath,3.90773782,0.285714286
subject031,0B,0.713542189,1.0
subject031,1B,0.895027375,1.0
subject031,2B-Face,0.934452318,0.755555556
subject031,2B-Scene,1.016111111,0.75
subject031,EasyMath,1.874333296,1.0
subject031,FingerTap,0.338182471,1.0
subject031,GoNoGo,1.02344897,0.8974004425
subject031,HardMath,2.106202825,1.0
subject032,0B,0.452012409,0.846153846
subject032,1B,0.9135821,1.0
subject032,2B-Face,0.865456493,0.666666667
subject032,2B-Scene,1.044829413,0.522727273
subject032,EasyMath,2.080732067,0.913043478
subject032,FingerTap,0.366710371,1.0
subject032,GoNoGo,1.042720869,0.7532175034999999
subject032,HardMath,2.462414676,0.807692308
subject033,0B,0.815423755,0.916666667
subject033,1B,1.875698833,0.75
subject033,2B-Face,0.793221082,0.803571429
subject033,2B-Scene,0.913372945,0.523809524
subject033,EasyMath,1.979117303,1.0
subject033,FingerTap,0.698113898,0.984615385
subject033,GoNoGo,1.094114137,0.545929798
subject033,HardMath,2.328061694,0.631578947
subject034,0B,0.501895875,0.923076923
subject034,1B,0.72264674,1.0
subject034,2B-Face,1.097149763,0.833333333
subject034,2B-Scene,1.02770758,0.980769231
subject034,EasyMath,1.868190327,0.960784314
subject034,FingerTap,0.343668435,1.0
subject034,GoNoGo,1.057293416,0.8529411765
subject034,HardMath,2.047954504,0.875
subject035,0B,0.674331211,0.75
subject035,1B,0.853007256,0.9
subject035,2B-Face,0.511210503,0.829787234
subject035,2B-Scene,0.590666047,0.808510638
subject035,EasyMath,1.984992012,0.962264151
subject035,FingerTap,0.368497548,1.0
subject035,GoNoGo,1.002696597,0.76396348
subject035,HardMath,2.251587483,0.884615385
subject036,0B,0.711898467,1.0
subject036,1B,1.19790325,1.0
subject036,2B-Face,1.352687039,0.43902439
subject036,2B-Scene,1.065580409,0.785714286
subject036,EasyMath,1.900937916,0.943396226
subject036,FingerTap,0.460230368,0.971428571
subject036,GoNoGo,1.083404259,0.5
subject036,HardMath,1.940274555,0.924528302
subject037,0B,0.574536309,0.916666667
subject037,1B,0.573612286,1.0
subject037,2B-Face,0.722442102,0.86
subject037,2B-Scene,0.73377534,0.888888889
subject037,EasyMath,1.980441773,0.98
subject037,FingerTap,0.368420737,1.0
subject037,GoNoGo,1.047180803,0.849378882
subject037,HardMath,2.650743022,0.769230769
subject038,0B,0.75475651,0.909090909
subject038,1B,1.18121577,0.714285714
subject038,2B-Face,0.700383833,0.84
subject038,2B-Scene,0.63428078,0.833333333
subject038,EasyMath,2.217694226,0.829787234
subject038,FingerTap,0.397474695,1.0
subject038,GoNoGo,1.080756348,0.49459459450000004
subject038,HardMath,2.231530732,0.627118644
subject004,0B,1.153627218,0.916666667
subject004,1B,2.0118177,0.7
subject004,2B-Face,0.528150292,0.888888889
subject004,2B-Scene,0.547495429,0.957446809
subject004,EasyMath,2.017912069,0.865384615
subject004,FingerTap,0.643237802,1.0
subject004,GoNoGo,0.978732715,0.4629411765
subject004,HardMath,2.008218965,0.905660377
subject041,0B,0.88325635,0.8
subject041,1B,1.30040673,0.714285714
subject041,2B-Face,0.70203014,0.5
subject041,2B-Scene,0.690432896,0.867924528
subject041,EasyMath,2.026021723,0.96875
subject041,FingerTap,0.357936486,1.0
subject041,GoNoGo,1.071074686,0.7760180995
subject041,HardMath,2.108048318,0.890909091
subject042,0B,0.6635285,0.916666667
subject042,1B,1.210792856,0.75
subject042,2B-Face,0.719782873,0.849056604
subject042,2B-Scene,0.732417109,0.728813559
subject042,EasyMath,1.854017585,1.0
subject042,FingerTap,0.372297274,1.0
subject042,GoNoGo,0.980466497,0.9052959505
subject042,HardMath,1.988223634,0.913793103
subject043,0B,1.009405888,1.0
subject043,1B,0.694477863,0.888888889
subject043,2B-Face,1.270647833,0.642857143
subject043,2B-Scene,0.750670107,0.788461538
subject043,EasyMath,1.997658694,0.959183673
subject043,FingerTap,0.56236277,1.0
subject043,GoNoGo,1.005955308,0.6257267440000001
subject043,HardMath,2.532657515,0.872340426
subject044,0B,0.966703086,0.7
subject044,1B,0.886073,0.5
subject044,2B-Face,0.809575253,0.692307692
subject044,2B-Scene,0.633038381,0.777777778
subject044,EasyMath,1.905364345,1.0
subject044,FingerTap,0.473922997,0.8
subject044,GoNoGo,1.04013893,0.7762886600000001
subject044,HardMath,2.059025075,0.982142857
subject045,0B,0.75099524,0.909090909
subject045,1B,1.28222305,0.142857143
subject045,2B-Face,0.916011717,0.82
subject045,2B-Scene,0.894137378,1.0
subject045,EasyMath,1.935089504,0.981481481
subject045,FingerTap,0.324785992,1.0
subject045,GoNoGo,0.997170535,0.8618836915
subject045,HardMath,2.226345624,0.68
subject046,0B,0.96516326,0.909090909
subject046,1B,1.211360071,0.538461538
subject046,2B-Face,0.71255741,0.905660377
subject046,2B-Scene,0.916642953,0.791666667
subject046,EasyMath,2.114273637,0.901960784
subject046,FingerTap,0.457395095,1.0
subject046,GoNoGo,1.037853047,0.5627272725
subject046,HardMath,2.835409853,0.681818182
subject047,0B,0.68385117,1.0
subject047,1B,0.700140664,1.0
subject047,2B-Face,0.734691862,0.84
subject047,2B-Scene,0.803267742,0.791666667
subject047,EasyMath,1.827839541,0.985074627
subject047,FingerTap,0.322528598,1.0
subject047,GoNoGo,1.000369282,0.793272171
subject047,HardMath,1.881614946,0.92
subject048,0B,0.5975758,1.0
subject048,1B,0.66742901,1.0
subject048,2B-Face,0.721293354,0.8
subject048,2B-Scene,0.801178038,0.790697674
subject048,EasyMath,1.869572071,1.0
subject048,FingerTap,0.324005234,1.0
subject048,GoNoGo,1.035501054,0.906719925
subject048,HardMath,2.70967778,0.909090909
subject049,0B,1.406279762,1.0
subject049,1B,1.725677671,0.636363636
subject049,2B-Face,1.450249606,0.888888889
subject049,2B-Scene,1.255449359,0.5625
subject049,EasyMath,2.013667314,0.98245614
subject049,FingerTap,0.455036224,1.0
subject049,GoNoGo,1.029451381,0.8173913045000001
subject049,HardMath,2.222590604,0.867924528
subject005,0B,0.995565311,0.9
subject005,1B,1.41685526,0.909090909
subject005,2B-Face,1.188845591,0.695652174
subject005,2B-Scene,1.179164927,0.888888889
subject005,EasyMath,2.003292287,0.982142857
subject005,FingerTap,0.449261003,1.0
subject005,GoNoGo,1.030738685,0.653508772
subject005,HardMath,2.259253511,0.916666667
subject050,0B,0.61367874,0.909090909
subject050,1B,0.88597472,1.0
subject050,2B-Face,0.748540277,0.888888889
subject050,2B-Scene,0.805347651,0.85483871
subject050,EasyMath,1.898962347,1.0
subject050,FingerTap,0.327661943,1.0
subject050,GoNoGo,1.032246215,0.9642045455
subject050,HardMath,2.775949657,0.853658537
subject051,0B,0.7065451,1.0
subject051,1B,1.129686447,1.0
subject051,2B-Face,1.134994913,0.808510638
subject051,2B-Scene,1.005007046,0.860465116
subject051,EasyMath,2.048749842,0.964912281
subject051,FingerTap,0.694784591,0.984615385
subject051,GoNoGo,1.011378061,0.7083333334999999
subject051,HardMath,2.5610383,0.857142857
subject052,0B,0.802351309,1.0
subject052,1B,2.091739633,1.0
subject052,2B-Face,1.117825679,0.733333333
subject052,2B-Scene,1.111230732,0.736842105
subject052,EasyMath,2.035114713,0.945454545
subject052,FingerTap,0.556697971,0.533333333
subject052,GoNoGo,0.993077089,0.674822695
subject052,HardMath,2.251090589,0.851851852
subject053,0B,0.46247999,1.0
subject053,1B,1.4206082,1.0
subject053,2B-Face,0.699449609,0.846153846
subject053,2B-Scene,0.681568872,0.679245283
subject053,EasyMath,1.841889263,0.936507937
subject053,FingerTap,0.456640402,1.0
subject053,GoNoGo,1.018393884,0.7963400235
subject053,HardMath,1.915538609,0.914893617
subject054,0B,2.86321558,0.454545455
subject054,1B,1.42842985,0.6
subject054,2B-Face,0.910272231,0.666666667
subject054,2B-Scene,0.81128389,0.617021277
subject054,EasyMath,2.188679403,0.775510204
subject054,FingerTap,0.690649427,0.933333333
subject054,GoNoGo,1.020013659,0.5206133735
subject054,HardMath,4.212821369,0.457142857
subject055,0B,0.772844392,1.0
subject055,1B,0.810262091,1.0
subject055,2B-Face,0.958233434,0.725
subject055,2B-Scene,0.95085298,0.731707317
subject055,EasyMath,1.927509191,1.0
subject055,FingerTap,0.426511924,1.0
subject055,GoNoGo,1.018292111,0.89167152
subject055,HardMath,2.506149349,0.87037037
subject056,0B,0.931561678,1.0
subject056,1B,1.675286636,1.0
subject056,2B-Face,0.78155356,0.97826087
subject056,2B-Scene,0.876109072,0.836363636
subject056,EasyMath,1.868249848,1.0
subject056,FingerTap,0.322836391,1.0
subject056,GoNoGo,1.064480326,0.9561036789999999
subject056,HardMath,1.953822878,1.0
subject057,0B,0.541281642,1.0
subject057,1B,0.648394655,1.0
subject057,2B-Face,0.968195953,0.929824561
subject057,2B-Scene,1.046087924,0.609756098
subject057,EasyMath,1.86178892,1.0
subject057,FingerTap,0.419255663,1.0
subject057,GoNoGo,1.00182774,0.6798756795
subject057,HardMath,2.059784667,0.960784314
subject058,0B,1.797732367,0.6
subject058,1B,0.890335763,0.8
subject058,2B-Face,1.100326714,0.672727273
subject058,2B-Scene,0.848577867,0.697674419
subject058,EasyMath,2.006960054,0.923076923
subject058,FingerTap,0.422398782,1.0
subject058,GoNoGo,1.012932399,0.6210227275
subject058,HardMath,2.052844248,0.897959184
subject059,0B,0.5470447,1.0
subject059,1B,0.793201017,1.0
subject059,2B-Face,0.697521045,0.709677419
subject059,2B-Scene,0.612056308,0.868852459
subject059,EasyMath,1.936663473,0.9375
subject059,FingerTap,0.352794398,1.0
subject059,GoNoGo,0.956109889,0.7215608465000001
subject059,HardMath,2.241382805,0.82
subject060,0B,1.580166036,1.0
subject060,1B,2.290317129,0.538461538
subject060,2B-Face,0.845947527,0.912280702
subject060,2B-Scene,1.012806513,0.8125
subject060,EasyMath,2.007203518,1.0
subject060,FingerTap,0.659513282,1.0
subject060,GoNoGo,1.067237626,0.7783575315
subject060,HardMath,2.480532142,0.844444444
subject062,0B,0.559281022,1.0
subject062,1B,0.55498872,1.0
subject062,2B-Face,0.84863312,0.128205128
subject062,2B-Scene,0.973818386,0.184210526
subject062,EasyMath,1.8323777,1.0
subject062,FingerTap,0.32475634,1.0
subject062,GoNoGo,1.03311128,0.8775510205
subject062,HardMath,1.848895343,0.981818182
subject063,0B,0.737030808,0.923076923
subject063,1B,,0.0
subject063,2B-Face,0.799507037,0.931034483
subject063,2B-Scene,0.796301836,0.886792453
subject063,EasyMath,2.135596794,1.0
subject063,FingerTap,0.447916269,1.0
subject063,GoNoGo,1.024150415,0.8095238095
subject063,HardMath,2.500483116,0.902439024
subject064,0B,1.050243389,1.0
subject064,1B,1.086194843,0.777777778
subject064,2B-Face,0.735333053,0.727272727
subject064,2B-Scene,0.954727356,0.836734694
subject064,EasyMath,1.866168834,0.87037037
subject064,FingerTap,0.384756476,1.0
subject064,GoNoGo,1.033327121,0.7571428575
subject064,HardMath,2.327957432,0.510204082
subject065,0B,0.6755073,1.0
subject065,1B,0.98033741,1.0
subject065,2B-Face,1.056610072,0.568181818
subject065,2B-Scene,1.034300502,0.867924528
subject065,EasyMath,1.984159253,1.0
subject065,FingerTap,0.346366551,1.0
subject065,GoNoGo,1.039886323,0.8305613304999999
subject065,HardMath,2.597524007,0.9375
subject066,0B,0.86052657,1.0
subject066,1B,1.433294938,1.0
subject066,2B-Face,1.039116767,0.75
subject066,2B-Scene,0.955094967,0.837209302
subject066,EasyMath,2.013572626,0.934782609
subject066,FingerTap,0.334266285,1.0
subject066,GoNoGo,0.983711602,0.75625
subject066,HardMath,2.101260925,0.965517241
subject067,0B,1.28950385,0.8
subject067,1B,1.356127833,0.3
subject067,2B-Face,0.754034486,0.826923077
subject067,2B-Scene,0.567765787,0.836363636
subject067,EasyMath,1.979513076,0.943396226
subject067,FingerTap,0.636662942,1.0
subject067,GoNoGo,1.013383345,0.487052551
subject067,HardMath,2.381325123,0.941176471
subject068,0B,0.588043056,0.9
subject068,1B,0.7256714,0.9
subject068,2B-Face,0.879796852,0.909090909
subject068,2B-Scene,0.922071057,0.890909091
subject068,EasyMath,1.877492813,1.0
subject068,FingerTap,0.335672237,1.0
subject068,GoNoGo,1.013605883,0.7743055555
subject068,HardMath,2.134350798,0.875
subject069,0B,0.8960179,0.1
subject069,1B,1.1157296,0.545454545
subject069,2B-Face,1.039067986,0.578947368
subject069,2B-Scene,1.054475728,0.75
subject069,EasyMath,2.099039605,0.88
subject069,FingerTap,0.748088019,0.984615385
subject069,GoNoGo,1.016220137,0.5717391305
subject069,HardMath,2.529505225,0.979591837
subject070,0B,0.65757286,1.0
subject070,1B,1.21626534,1.0
subject070,2B-Face,0.701348822,0.867924528
subject070,2B-Scene,0.748065,0.881355932
subject070,EasyMath,1.836469402,0.970149254
subject070,FingerTap,0.403275215,1.0
subject070,GoNoGo,0.986820647,0.29820261449999996
subject070,HardMath,2.250273836,0.823529412
subject071,0B,0.915079333,0.818181818
subject071,1B,1.060051436,1.0
subject071,2B-Face,1.210608155,0.673469388
subject071,2B-Scene,1.016072059,0.829268293
subject071,EasyMath,1.928975306,0.979166667
subject071,FingerTap,0.372197829,1.0
subject071,GoNoGo,1.003235113,0.9174311925
subject071,HardMath,2.810053795,0.866666667
subject072,0B,0.94848365,1.0
subject072,1B,1.064089955,0.916666667
subject072,2B-Face,1.261633571,0.756097561
subject072,2B-Scene,1.06660812,0.754716981
subject072,EasyMath,2.265178883,0.837209302
subject072,FingerTap,0.745082813,0.945454545
subject072,GoNoGo,1.063690123,0.6102362205
subject072,HardMath,2.16853239,0.98
subject073,0B,1.812718812,1.0
subject073,1B,1.69282057,0.833333333
subject073,2B-Face,0.9812212,0.177777778
subject073,2B-Scene,0.988999671,0.2
subject073,EasyMath,1.882599622,1.0
subject073,FingerTap,0.298971254,1.0
subject073,GoNoGo,1.008519387,0.875686813
subject073,HardMath,3.033052463,1.0
subject074,0B,1.34186331,0.909090909
subject074,1B,1.094870577,0.928571429
subject074,2B-Face,0.92451068,0.930232558
subject074,2B-Scene,0.987440969,0.849056604
subject074,EasyMath,2.040638384,0.983050847
subject074,FingerTap,0.433159715,1.0
subject074,GoNoGo,1.081408785,0.727443609
subject074,HardMath,2.305190536,0.956521739
subject075,0B,0.588493833,0.9
subject075,1B,1.262155942,1.0
subject075,2B-Face,0.715430768,0.719298246
subject075,2B-Scene,0.540788118,0.739130435
subject075,EasyMath,1.83440194,1.0
subject075,FingerTap,0.346359331,1.0
subject075,GoNoGo,1.067995472,0.852245292
subject075,HardMath,1.89478982,1.0
subject076,0B,0.774195667,1.0
subject076,1B,0.97407991,1.0
subject076,2B-Face,1.14117243,0.787234043
subject076,2B-Scene,1.094731669,0.888888889
subject076,EasyMath,1.92512304,0.967741935
subject076,FingerTap,0.491471325,1.0
subject076,GoNoGo,0.988934257,0.7773698265
subject076,HardMath,2.19452763,0.92
subject077,0B,1.089469977,1.0
subject077,1B,1.13624911,1.0
subject077,2B-Face,1.036040938,0.804347826
subject077,2B-Scene,0.76146168,0.869565217
subject077,EasyMath,1.993640283,1.0
subject077,FingerTap,0.388255785,1.0
subject077,GoNoGo,1.025828723,0.8904761905
subject077,HardMath,2.247887738,0.93220339
subject078,0B,0.55536813,1.0
subject078,1B,0.799061314,0.636363636
subject078,2B-Face,0.7907887,0.740740741
subject078,2B-Scene,0.611727969,0.859649123
subject078,EasyMath,1.796619429,0.928571429
subject078,FingerTap,0.415077132,1.0
subject078,GoNoGo,1.038743975,0.46293706300000004
subject078,HardMath,1.87740192,0.923076923
subject079,0B,1.82643695,0.2
subject079,1B,2.0988007,0.272727273
subject079,2B-Face,0.956244631,0.695652174
subject079,2B-Scene,0.816088757,0.74
subject079,EasyMath,2.123545343,0.886792453
subject079,FingerTap,0.859693905,0.984615385
subject079,GoNoGo,0.968547683,0.5
subject079,HardMath,2.788005263,0.6
subject008,0B,1.314906518,1.0
subject008,1B,0.856552655,0.916666667
subject008,2B-Face,0.972657832,0.770833333
subject008,2B-Scene,0.917457202,0.79245283
subject008,EasyMath,1.935618195,0.983050847
subject008,FingerTap,0.342770153,1.0
subject008,GoNoGo,1.000175112,0.8145833335
subject008,HardMath,2.755209902,0.891304348
subject080,0B,0.57981904,1.0
subject080,1B,0.874812809,1.0
subject080,2B-Face,1.032404952,0.857142857
subject080,2B-Scene,0.977668804,0.854545455
subject080,EasyMath,1.821373782,0.984126984
subject080,FingerTap,0.325148948,1.0
subject080,GoNoGo,1.03826399,0.9119617225000001
subject080,HardMath,1.920986032,0.981481481
subject081,0B,1.005097286,1.0
subject081,1B,1.046756208,0.923076923
subject081,2B-Face,1.079461452,0.673913043
subject081,2B-Scene,1.054136221,0.666666667
subject081,EasyMath,1.913737976,1.0
subject081,FingerTap,0.377223167,1.0
subject081,GoNoGo,0.998507421,0.8144195734999999
subject081,HardMath,2.163886868,0.62
subject082,0B,1.613906778,0.9
subject082,1B,1.288531364,1.0
subject082,2B-Face,1.07625587,0.833333333
subject082,2B-Scene,1.360434566,0.744186047
subject082,EasyMath,1.889778602,0.981481481
subject082,FingerTap,0.392343953,1.0
subject082,GoNoGo,0.974377887,0.9351679104999999
subject082,HardMath,2.040483521,1.0
subject083,0B,0.88079601,1.0
subject083,1B,1.29686985,0.727272727
subject083,2B-Face,0.905271552,0.534883721
subject083,2B-Scene,0.606417554,0.821428571
subject083,EasyMath,1.918115318,0.949152542
subject083,FingerTap,0.3487036,1.0
subject083,GoNoGo,1.021352881,0.589194699
subject083,HardMath,2.332301431,0.948275862
subject084,0B,0.7078083,1.0
subject084,1B,0.872465914,1.0
subject084,2B-Face,0.940873378,0.816326531
subject084,2B-Scene,0.928337457,0.903846154
subject084,EasyMath,1.908770224,0.966666667
subject084,FingerTap,0.317992412,1.0
subject084,GoNoGo,1.03864949,0.9427083334999999
subject084,HardMath,2.352732032,0.886792453
subject085,0B,1.57772605,0.727272727
subject085,1B,1.551606075,0.8
subject085,2B-Face,1.078241497,0.711111111
subject085,2B-Scene,1.266736639,0.720930233
subject085,EasyMath,2.002769281,0.929824561
subject085,FingerTap,0.42772446,1.0
subject085,GoNoGo,1.026522373,0.8110169490000001
subject085,HardMath,2.592785085,0.85106383
subject086,0B,0.79891274,1.0
subject086,1B,1.219320688,0.888888889
subject086,2B-Face,1.016409802,0.851851852
subject086,2B-Scene,0.986090893,0.6
subject086,EasyMath,2.024913068,0.951612903
subject086,FingerTap,0.449949175,1.0
subject086,GoNoGo,1.053403193,0.9006050130000001
subject086,HardMath,2.18428512,0.875
subject087,0B,1.792297514,0.777777778
subject087,1B,1.336489317,1.0
subject087,2B-Face,0.849832824,0.844827586
subject087,2B-Scene,0.791079095,0.893617021
subject087,EasyMath,2.091526164,0.88
subject087,FingerTap,0.572987617,1.0
subject087,GoNoGo,1.038484132,0.6488242575000001
subject087,HardMath,2.09422256,0.941176471
subject088,0B,1.402586338,0.8
subject088,1B,1.75430385,0.833333333
subject088,2B-Face,0.944862034,0.64
subject088,2B-Scene,0.890006955,0.844444444
subject088,EasyMath,2.081156833,0.955555556
subject088,FingerTap,0.42556008,1.0
subject088,GoNoGo,1.054005906,0.8930921055000001
subject088,HardMath,4.565048833,0.535714286
subject089,0B,1.73605295,0.727272727
subject089,1B,1.191607733,0.9
subject089,2B-Face,0.969522047,0.882352941
subject089,2B-Scene,1.182724076,0.844444444
subject089,EasyMath,1.986965662,1.0
subject089,FingerTap,0.413182449,1.0
subject089,GoNoGo,1.038256251,0.8774774775
subject089,HardMath,2.074044012,1.0
subject009,0B,0.725246957,0.7
subject009,1B,0.913482675,0.923076923
subject009,2B-Face,0.705315838,0.762711864
subject009,2B-Scene,0.907252117,0.765957447
subject009,EasyMath,1.846764162,0.935483871
subject009,FingerTap,0.37346,1.0
subject009,GoNoGo,0.952674137,0.5273049645
subject009,HardMath,1.95847845,0.945454545
subject090,0B,0.736312667,1.0
subject090,1B,0.98138923,1.0
subject090,2B-Face,1.124669463,0.813953488
subject090,2B-Scene,1.0558015,0.875
subject090,EasyMath,1.959071968,1.0
subject090,FingerTap,0.422395588,1.0
subject090,GoNoGo,1.030351573,0.7777199375
subject090,HardMath,2.04947477,0.886792453
subject091,0B,1.549271958,1.0
subject091,1B,1.362827371,1.0
subject091,2B-Face,1.165809767,0.166666667
subject091,2B-Scene,0.86645147,0.6
subject091,EasyMath,1.97127221,1.0
subject091,FingerTap,0.369146876,1.0
subject091,GoNoGo,0.977130631,0.405018888
subject091,HardMath,2.290701925,1.0
subject092,0B,0.65546054,1.0
subject092,1B,0.83471929,0.909090909
subject092,2B-Face,0.872729883,0.75
subject092,2B-Scene,0.821194119,0.903846154
subject092,EasyMath,1.889623249,0.982758621
subject092,FingerTap,0.341695006,1.0
subject092,GoNoGo,1.003450054,0.83960177
subject092,HardMath,1.958212214,0.93442623
subject093,0B,0.73241265,1.0
subject093,1B,1.275931355,0.916666667
subject093,2B-Face,0.836229313,0.824561404
subject093,2B-Scene,0.629718867,0.894736842
subject093,EasyMath,1.888664647,0.983606557
subject093,FingerTap,0.361511004,1.0
subject093,GoNoGo,0.978503198,0.731840194
subject093,HardMath,1.92274291,0.950819672
subject094,0B,0.75545884,1.0
subject094,1B,0.6838939,1.0
subject094,2B-Face,0.54375328,0.108695652
subject094,2B-Scene,0.642346043,0.179487179
subject094,EasyMath,1.914589143,1.0
subject094,FingerTap,0.414599208,1.0
subject094,GoNoGo,1.047531441,0.8175388965
subject094,HardMath,2.233333273,0.862745098
subject095,0B,1.118458025,0.727272727
subject095,1B,1.323533375,0.888888889
subject095,2B-Face,0.91623249,0.688888889
subject095,2B-Scene,0.828302835,0.86
subject095,EasyMath,1.863619332,0.895522388
subject095,FingerTap,0.410588358,1.0
subject095,GoNoGo,1.007194786,0.702380952
subject095,HardMath,2.455634563,0.813953488
subject096,0B,0.598369688,0.888888889
subject096,1B,0.898057233,0.333333333
subject096,2B-Face,0.882612075,0.8
subject096,2B-Scene,0.729123805,0.951612903
subject096,EasyMath,1.8771519,1.0
subject096,FingerTap,0.383594017,1.0
subject096,GoNoGo,1.021068927,0.7251106195
subject096,HardMath,2.020666938,0.983050847
subject097,0B,0.67573528,1.0
subject097,1B,0.950659517,1.0
subject097,2B-Face,0.77481297,0.826923077
subject097,2B-Scene,0.795820489,0.857142857
subject097,EasyMath,1.919309977,0.981132075
subject097,FingerTap,0.353146682,1.0
subject097,GoNoGo,1.044998088,0.920289855
subject097,HardMath,2.132952084,0.907407407
subject098,0B,0.77215116,1.0
subject098,1B,0.97184429,0.909090909
subject098,2B-Face,0.903734184,0.9
subject098,2B-Scene,0.807409562,0.943396226
subject098,EasyMath,1.926099022,0.964285714
subject098,FingerTap,0.415092454,1.0
subject098,GoNoGo,1.062450397,0.8896825395000001
subject098,HardMath,2.535445274,0.853658537
subject099,0B,0.61395432,0.909090909
subject099,1B,0.940313378,0.818181818
subject099,2B-Face,0.892550933,0.818181818
subject099,2B-Scene,0.738800312,0.881355932
subject099,EasyMath,1.898480825,0.982142857
subject099,FingerTap,0.394234654,1.0
subject099,GoNoGo,1.039296526,0.706302521
subject099,HardMath,2.240618461,0.93877551
